2006.12.22 14:19 B C:\Documents and Settings\Osaka\My Documents\1SriLanka\2NewHP\images\be3_468px_60pxs.gif <-- Be-intl.com /NewHP/images be3_468px_60pxs.gif
2006.12.22 14:19 B C:\Documents and Settings\Osaka\My Documents\1SriLanka\2NewHP\images\bk.gif <-- Be-intl.com /NewHP/images bk.gif
2006.12.22 14:19 B C:\Documents and Settings\Osaka\My Documents\1SriLanka\2NewHP\images\head_r1_c1.gif <-- Be-intl.com /NewHP/images head_r1_c1.gif
2006.12.22 14:19 B C:\Documents and Settings\Osaka\My Documents\1SriLanka\2NewHP\images\ishikawasama5.jpg <-- Be-intl.com /NewHP/images ishikawasama5.jpg
2006.12.22 14:19 B C:\Documents and Settings\Osaka\My Documents\1SriLanka\2NewHP\images\l01.gif <-- Be-intl.com /NewHP/images l01.gif
2006.12.22 14:19 B C:\Documents and Settings\Osaka\My Documents\1SriLanka\2NewHP\images\menu_001a.jpg <-- Be-intl.com /NewHP/images menu_001a.jpg
2006.12.22 14:19 B C:\Documents and Settings\Osaka\My Documents\1SriLanka\2NewHP\images\menu_001b.jpg <-- Be-intl.com /NewHP/images menu_001b.jpg
2006.12.22 14:19 B C:\Documents and Settings\Osaka\My Documents\1SriLanka\2NewHP\images\menu_001c.jpg <-- Be-intl.com /NewHP/images menu_001c.jpg
2006.12.22 14:19 B C:\Documents and Settings\Osaka\My Documents\1SriLanka\2NewHP\images\menu_001d.jpg <-- Be-intl.com /NewHP/images menu_001d.jpg
2006.12.22 14:19 B C:\Documents and Settings\Osaka\My Documents\1SriLanka\2NewHP\images\menu_001e.jpg <-- Be-intl.com /NewHP/images menu_001e.jpg
2006.12.22 14:19 B C:\Documents and Settings\Osaka\My Documents\1SriLanka\2NewHP\images\menu_001f.jpg <-- Be-intl.com /NewHP/images menu_001f.jpg
2006.12.22 14:19 B C:\Documents and Settings\Osaka\My Documents\1SriLanka\2NewHP\images\menu_001g.jpg <-- Be-intl.com /NewHP/images menu_001g.jpg
2006.12.22 14:19 B C:\Documents and Settings\Osaka\My Documents\1SriLanka\2NewHP\images\menu_001h.jpg <-- Be-intl.com /NewHP/images menu_001h.jpg
2006.12.22 14:19 B C:\Documents and Settings\Osaka\My Documents\1SriLanka\2NewHP\images\menu_001i.jpg <-- Be-intl.com /NewHP/images menu_001i.jpg
2006.12.22 14:19 B C:\Documents and Settings\Osaka\My Documents\1SriLanka\2NewHP\images\menu_001j.jpg <-- Be-intl.com /NewHP/images menu_001j.jpg
2006.12.22 14:19 B C:\Documents and Settings\Osaka\My Documents\1SriLanka\2NewHP\images\menu_002a.jpg <-- Be-intl.com /NewHP/images menu_002a.jpg
2006.12.22 14:19 B C:\Documents and Settings\Osaka\My Documents\1SriLanka\2NewHP\images\menu_002b.jpg <-- Be-intl.com /NewHP/images menu_002b.jpg
2006.12.22 14:19 B C:\Documents and Settings\Osaka\My Documents\1SriLanka\2NewHP\images\menu_002c.jpg <-- Be-intl.com /NewHP/images menu_002c.jpg
2006.12.22 14:19 B C:\Documents and Settings\Osaka\My Documents\1SriLanka\2NewHP\images\menu_002d.jpg <-- Be-intl.com /NewHP/images menu_002d.jpg
2006.12.22 14:19 B C:\Documents and Settings\Osaka\My Documents\1SriLanka\2NewHP\images\menu_002e.jpg <-- Be-intl.com /NewHP/images menu_002e.jpg
2006.12.22 14:19 B C:\Documents and Settings\Osaka\My Documents\1SriLanka\2NewHP\images\menu_002f.jpg <-- Be-intl.com /NewHP/images menu_002f.jpg
2006.12.22 14:19 B C:\Documents and Settings\Osaka\My Documents\1SriLanka\2NewHP\images\menu_002g.jpg <-- Be-intl.com /NewHP/images menu_002g.jpg
2006.12.22 14:19 B C:\Documents and Settings\Osaka\My Documents\1SriLanka\2NewHP\images\menu_002h.jpg <-- Be-intl.com /NewHP/images menu_002h.jpg
2006.12.22 14:19 B C:\Documents and Settings\Osaka\My Documents\1SriLanka\2NewHP\images\menu_002i.jpg <-- Be-intl.com /NewHP/images menu_002i.jpg
2006.12.22 14:19 B C:\Documents and Settings\Osaka\My Documents\1SriLanka\2NewHP\images\menu_002j.jpg <-- Be-intl.com /NewHP/images menu_002j.jpg
2006.12.22 14:19 B C:\Documents and Settings\Osaka\My Documents\1SriLanka\2NewHP\images\menu_bk.jpg <-- Be-intl.com /NewHP/images menu_bk.jpg
2006.12.22 14:19 B C:\Documents and Settings\Osaka\My Documents\1SriLanka\2NewHP\images\new1.gif <-- Be-intl.com /NewHP/images new1.gif
2006.12.22 14:19 B C:\Documents and Settings\Osaka\My Documents\1SriLanka\2NewHP\images\otsukasama6.jpg <-- Be-intl.com /NewHP/images otsukasama6.jpg
2006.12.22 14:19 B C:\Documents and Settings\Osaka\My Documents\1SriLanka\2NewHP\images\sevena1.jpg <-- Be-intl.com /NewHP/images sevena1.jpg
2006.12.22 14:19 B C:\Documents and Settings\Osaka\My Documents\1SriLanka\2NewHP\images\spacer.gif <-- Be-intl.com /NewHP/images spacer.gif
2006.12.22 14:19 B C:\Documents and Settings\Osaka\My Documents\1SriLanka\2NewHP\images\top_0001a.jpg <-- Be-intl.com /NewHP/images top_0001a.jpg
2006.12.22 14:19 B C:\Documents and Settings\Osaka\My Documents\1SriLanka\2NewHP\images\top_0001b.jpg <-- Be-intl.com /NewHP/images top_0001b.jpg
2006.12.22 14:19 B C:\Documents and Settings\Osaka\My Documents\1SriLanka\2NewHP\images\top_0001c.jpg <-- Be-intl.com /NewHP/images top_0001c.jpg
2006.12.22 14:19 B C:\Documents and Settings\Osaka\My Documents\1SriLanka\2NewHP\images\top_0001d.jpg <-- Be-intl.com /NewHP/images top_0001d.jpg
2006.12.22 14:19 B C:\Documents and Settings\Osaka\My Documents\1SriLanka\2NewHP\images\top_0001e.jpg <-- Be-intl.com /NewHP/images top_0001e.jpg
2006.12.22 14:19 B C:\Documents and Settings\Osaka\My Documents\1SriLanka\2NewHP\images\top_0002b.jpg <-- Be-intl.com /NewHP/images top_0002b.jpg
2006.12.22 14:19 B C:\Documents and Settings\Osaka\My Documents\1SriLanka\2NewHP\images\top_0002c.jpg <-- Be-intl.com /NewHP/images top_0002c.jpg
2006.12.22 14:19 B C:\Documents and Settings\Osaka\My Documents\1SriLanka\2NewHP\images\top_0002d.jpg <-- Be-intl.com /NewHP/images top_0002d.jpg
2006.12.22 14:19 B C:\Documents and Settings\Osaka\My Documents\1SriLanka\2NewHP\images\top_0003a.jpg <-- Be-intl.com /NewHP/images top_0003a.jpg
2006.12.22 14:19 B C:\Documents and Settings\Osaka\My Documents\1SriLanka\2NewHP\images\top_0003b.jpg <-- Be-intl.com /NewHP/images top_0003b.jpg
2006.12.22 14:19 B C:\Documents and Settings\Osaka\My Documents\1SriLanka\2NewHP\images\top_0003c.jpg <-- Be-intl.com /NewHP/images top_0003c.jpg
2006.12.22 14:19 B C:\Documents and Settings\Osaka\My Documents\1SriLanka\2NewHP\images\top_0003d.jpg <-- Be-intl.com /NewHP/images top_0003d.jpg
2006.12.22 14:19 B C:\Documents and Settings\Osaka\My Documents\1SriLanka\2NewHP\images\top_0003e.jpg <-- Be-intl.com /NewHP/images top_0003e.jpg
2006.12.22 14:19 B C:\Documents and Settings\Osaka\My Documents\1SriLanka\2NewHP\images\top_0003f.jpg <-- Be-intl.com /NewHP/images top_0003f.jpg
2006.12.22 14:19 B C:\Documents and Settings\Osaka\My Documents\1SriLanka\2NewHP\images\top_0003g.jpg <-- Be-intl.com /NewHP/images top_0003g.jpg
2006.12.22 14:19 B C:\Documents and Settings\Osaka\My Documents\1SriLanka\2NewHP\images\top_0003h.jpg <-- Be-intl.com /NewHP/images top_0003h.jpg
2006.12.22 14:19 B C:\Documents and Settings\Osaka\My Documents\1SriLanka\2NewHP\images\top_0004b.jpg <-- Be-intl.com /NewHP/images top_0004b.jpg
2006.12.22 14:19 B C:\Documents and Settings\Osaka\My Documents\1SriLanka\2NewHP\images\top_0004c.jpg <-- Be-intl.com /NewHP/images top_0004c.jpg
2006.12.22 14:19 B C:\Documents and Settings\Osaka\My Documents\1SriLanka\2NewHP\images\top_0004d.jpg <-- Be-intl.com /NewHP/images top_0004d.jpg
2006.12.22 14:20 B C:\Documents and Settings\Osaka\My Documents\1SriLanka\2NewHP\images\top_0004e.jpg <-- Be-intl.com /NewHP/images top_0004e.jpg
2006.12.22 14:20 B C:\Documents and Settings\Osaka\My Documents\1SriLanka\2NewHP\images\top_0004f.jpg <-- Be-intl.com /NewHP/images top_0004f.jpg
2006.12.22 14:20 B C:\Documents and Settings\Osaka\My Documents\1SriLanka\2NewHP\images\top_0004g.jpg <-- Be-intl.com /NewHP/images top_0004g.jpg
2006.12.22 14:20 B C:\Documents and Settings\Osaka\My Documents\1SriLanka\2NewHP\images\top_0005a.jpg <-- Be-intl.com /NewHP/images top_0005a.jpg
2006.12.22 14:20 B C:\Documents and Settings\Osaka\My Documents\1SriLanka\2NewHP\images\top_0005b.jpg <-- Be-intl.com /NewHP/images top_0005b.jpg
2006.12.22 14:20 B C:\Documents and Settings\Osaka\My Documents\1SriLanka\2NewHP\images\top_0005c.jpg <-- Be-intl.com /NewHP/images top_0005c.jpg
2006.12.22 14:20 B C:\Documents and Settings\Osaka\My Documents\1SriLanka\2NewHP\images\top_0005c01.jpg <-- Be-intl.com /NewHP/images top_0005c01.jpg
2006.12.22 14:20 B C:\Documents and Settings\Osaka\My Documents\1SriLanka\2NewHP\images\top_0005d.jpg <-- Be-intl.com /NewHP/images top_0005d.jpg
2006.12.22 14:20 B C:\Documents and Settings\Osaka\My Documents\1SriLanka\2NewHP\images\top_0005d01.jpg <-- Be-intl.com /NewHP/images top_0005d01.jpg
2006.12.22 14:20 B C:\Documents and Settings\Osaka\My Documents\1SriLanka\2NewHP\images\top_0005e.jpg <-- Be-intl.com /NewHP/images top_0005e.jpg
2006.12.22 14:20 B C:\Documents and Settings\Osaka\My Documents\1SriLanka\2NewHP\images\top_0005e01.jpg <-- Be-intl.com /NewHP/images top_0005e01.jpg
2006.12.22 14:20 B C:\Documents and Settings\Osaka\My Documents\1SriLanka\2NewHP\images\top_0005f.jpg <-- Be-intl.com /NewHP/images top_0005f.jpg
2006.12.22 14:20 B C:\Documents and Settings\Osaka\My Documents\1SriLanka\2NewHP\images\top_0006a.jpg <-- Be-intl.com /NewHP/images top_0006a.jpg
2006.12.22 14:20 B C:\Documents and Settings\Osaka\My Documents\1SriLanka\2NewHP\images\top_0006b.jpg <-- Be-intl.com /NewHP/images top_0006b.jpg
2006.12.22 14:20 B C:\Documents and Settings\Osaka\My Documents\1SriLanka\2NewHP\images\top_0006c.jpg <-- Be-intl.com /NewHP/images top_0006c.jpg
2006.12.22 14:20 B C:\Documents and Settings\Osaka\My Documents\1SriLanka\2NewHP\images\top_0006d.jpg <-- Be-intl.com /NewHP/images top_0006d.jpg
2006.12.22 14:20 B C:\Documents and Settings\Osaka\My Documents\1SriLanka\2NewHP\images\top_0006e.jpg <-- Be-intl.com /NewHP/images top_0006e.jpg
2006.12.22 14:20 B C:\Documents and Settings\Osaka\My Documents\1SriLanka\2NewHP\images\top_0006f.jpg <-- Be-intl.com /NewHP/images top_0006f.jpg
2006.12.22 14:20 B C:\Documents and Settings\Osaka\My Documents\1SriLanka\2NewHP\images\top_0006g.jpg <-- Be-intl.com /NewHP/images top_0006g.jpg
2006.12.22 14:20 B C:\Documents and Settings\Osaka\My Documents\1SriLanka\2NewHP\images\top_0007a.jpg <-- Be-intl.com /NewHP/images top_0007a.jpg
2006.12.22 14:20 B C:\Documents and Settings\Osaka\My Documents\1SriLanka\2NewHP\images\top_0007b.jpg <-- Be-intl.com /NewHP/images top_0007b.jpg
2006.12.22 14:20 B C:\Documents and Settings\Osaka\My Documents\1SriLanka\2NewHP\images\top_0007c.jpg <-- Be-intl.com /NewHP/images top_0007c.jpg
2006.12.22 14:20 B C:\Documents and Settings\Osaka\My Documents\1SriLanka\2NewHP\images\top_0007d.jpg <-- Be-intl.com /NewHP/images top_0007d.jpg
2006.12.22 14:20 B C:\Documents and Settings\Osaka\My Documents\1SriLanka\2NewHP\images\top_0007e.jpg <-- Be-intl.com /NewHP/images top_0007e.jpg
2006.12.22 14:20 B C:\Documents and Settings\Osaka\My Documents\1SriLanka\2NewHP\images\top_0007f.jpg <-- Be-intl.com /NewHP/images top_0007f.jpg
2006.12.22 14:20 B C:\Documents and Settings\Osaka\My Documents\1SriLanka\2NewHP\images\top_0007g.jpg <-- Be-intl.com /NewHP/images top_0007g.jpg
2006.12.22 14:20 B C:\Documents and Settings\Osaka\My Documents\1SriLanka\2NewHP\images\top_0008a.gif <-- Be-intl.com /NewHP/images top_0008a.gif
2006.12.22 14:20 B C:\Documents and Settings\Osaka\My Documents\1SriLanka\2NewHP\images\top_0008b.gif <-- Be-intl.com /NewHP/images top_0008b.gif
2006.12.22 14:20 B C:\Documents and Settings\Osaka\My Documents\1SriLanka\2NewHP\images\top_0008c.gif <-- Be-intl.com /NewHP/images top_0008c.gif
2006.12.22 14:20 B C:\Documents and Settings\Osaka\My Documents\1SriLanka\2NewHP\images\top_0009a.gif <-- Be-intl.com /NewHP/images top_0009a.gif
2006.12.22 14:20 B C:\Documents and Settings\Osaka\My Documents\1SriLanka\2NewHP\images\top_0009b.gif <-- Be-intl.com /NewHP/images top_0009b.gif
2006.12.22 14:20 B C:\Documents and Settings\Osaka\My Documents\1SriLanka\2NewHP\images\top_0010.gif <-- Be-intl.com /NewHP/images top_0010.gif
2006.12.22 14:20 B C:\Documents and Settings\Osaka\My Documents\1SriLanka\2NewHP\images\top_0011.gif <-- Be-intl.com /NewHP/images top_0011.gif
2006.12.22 14:20 B C:\Documents and Settings\Osaka\My Documents\1SriLanka\2NewHP\images\yaji02.gif <-- Be-intl.com /NewHP/images yaji02.gif
2007.01.31 11:36 B C:\Documents and Settings\Osaka\My Documents\1SriLanka\2NewHP\images\be3_468px_60pxs.gif --> ftp180.lolipop.jp /images be3_468px_60pxs.gif
2007.01.31 11:36 B C:\Documents and Settings\Osaka\My Documents\1SriLanka\2NewHP\images\bk.gif --> ftp180.lolipop.jp /images bk.gif
2007.01.31 11:36 B C:\Documents and Settings\Osaka\My Documents\1SriLanka\2NewHP\images\head_r1_c1.gif --> ftp180.lolipop.jp /images head_r1_c1.gif
2007.01.31 11:36 B C:\Documents and Settings\Osaka\My Documents\1SriLanka\2NewHP\images\ishikawasama5.jpg --> ftp180.lolipop.jp /images ishikawasama5.jpg
2007.01.31 11:36 B C:\Documents and Settings\Osaka\My Documents\1SriLanka\2NewHP\images\l01.gif --> ftp180.lolipop.jp /images l01.gif
2007.01.31 11:36 B C:\Documents and Settings\Osaka\My Documents\1SriLanka\2NewHP\images\menu_001a.jpg --> ftp180.lolipop.jp /images menu_001a.jpg
2007.01.31 11:36 B C:\Documents and Settings\Osaka\My Documents\1SriLanka\2NewHP\images\menu_001b.jpg --> ftp180.lolipop.jp /images menu_001b.jpg
2007.01.31 11:36 B C:\Documents and Settings\Osaka\My Documents\1SriLanka\2NewHP\images\menu_001c.jpg --> ftp180.lolipop.jp /images menu_001c.jpg
2007.01.31 11:36 B C:\Documents and Settings\Osaka\My Documents\1SriLanka\2NewHP\images\menu_001d.jpg --> ftp180.lolipop.jp /images menu_001d.jpg
2007.01.31 11:36 B C:\Documents and Settings\Osaka\My Documents\1SriLanka\2NewHP\images\menu_001e.jpg --> ftp180.lolipop.jp /images menu_001e.jpg
2007.01.31 11:36 B C:\Documents and Settings\Osaka\My Documents\1SriLanka\2NewHP\images\menu_001f.jpg --> ftp180.lolipop.jp /images menu_001f.jpg
2007.01.31 11:36 B C:\Documents and Settings\Osaka\My Documents\1SriLanka\2NewHP\images\menu_001g.jpg --> ftp180.lolipop.jp /images menu_001g.jpg
2007.01.31 11:36 B C:\Documents and Settings\Osaka\My Documents\1SriLanka\2NewHP\images\menu_001h.jpg --> ftp180.lolipop.jp /images menu_001h.jpg
2007.01.31 11:36 B C:\Documents and Settings\Osaka\My Documents\1SriLanka\2NewHP\images\menu_001i.jpg --> ftp180.lolipop.jp /images menu_001i.jpg
2007.01.31 11:36 B C:\Documents and Settings\Osaka\My Documents\1SriLanka\2NewHP\images\menu_001j.jpg --> ftp180.lolipop.jp /images menu_001j.jpg
2007.01.31 11:36 B C:\Documents and Settings\Osaka\My Documents\1SriLanka\2NewHP\images\menu_002a.jpg --> ftp180.lolipop.jp /images menu_002a.jpg
2007.01.31 11:36 B C:\Documents and Settings\Osaka\My Documents\1SriLanka\2NewHP\images\menu_002b.jpg --> ftp180.lolipop.jp /images menu_002b.jpg
2007.01.31 11:36 B C:\Documents and Settings\Osaka\My Documents\1SriLanka\2NewHP\images\menu_002c.jpg --> ftp180.lolipop.jp /images menu_002c.jpg
2007.01.31 11:36 B C:\Documents and Settings\Osaka\My Documents\1SriLanka\2NewHP\images\menu_002d.jpg --> ftp180.lolipop.jp /images menu_002d.jpg
2007.01.31 11:36 B C:\Documents and Settings\Osaka\My Documents\1SriLanka\2NewHP\images\menu_002e.jpg --> ftp180.lolipop.jp /images menu_002e.jpg
2007.01.31 11:36 B C:\Documents and Settings\Osaka\My Documents\1SriLanka\2NewHP\images\menu_002f.jpg --> ftp180.lolipop.jp /images menu_002f.jpg
2007.01.31 11:36 B C:\Documents and Settings\Osaka\My Documents\1SriLanka\2NewHP\images\menu_002g.jpg --> ftp180.lolipop.jp /images menu_002g.jpg
2007.01.31 11:36 B C:\Documents and Settings\Osaka\My Documents\1SriLanka\2NewHP\images\menu_002h.jpg --> ftp180.lolipop.jp /images menu_002h.jpg
2007.01.31 11:36 B C:\Documents and Settings\Osaka\My Documents\1SriLanka\2NewHP\images\menu_002i.jpg --> ftp180.lolipop.jp /images menu_002i.jpg
2007.01.31 11:36 B C:\Documents and Settings\Osaka\My Documents\1SriLanka\2NewHP\images\menu_002j.jpg --> ftp180.lolipop.jp /images menu_002j.jpg
2007.01.31 11:36 B C:\Documents and Settings\Osaka\My Documents\1SriLanka\2NewHP\images\menu_bk.jpg --> ftp180.lolipop.jp /images menu_bk.jpg
2007.01.31 11:36 B C:\Documents and Settings\Osaka\My Documents\1SriLanka\2NewHP\images\MitsukoOsaka.gif --> ftp180.lolipop.jp /images MitsukoOsaka.gif
2007.01.31 11:36 B C:\Documents and Settings\Osaka\My Documents\1SriLanka\2NewHP\images\new1.gif --> ftp180.lolipop.jp /images new1.gif
2007.01.31 11:36 B C:\Documents and Settings\Osaka\My Documents\1SriLanka\2NewHP\images\otsukasama6.jpg --> ftp180.lolipop.jp /images otsukasama6.jpg
2007.01.31 11:36 B C:\Documents and Settings\Osaka\My Documents\1SriLanka\2NewHP\images\sevena1.jpg --> ftp180.lolipop.jp /images sevena1.jpg
2007.01.31 11:36 B C:\Documents and Settings\Osaka\My Documents\1SriLanka\2NewHP\images\spacer.gif --> ftp180.lolipop.jp /images spacer.gif
2007.01.31 11:36 B C:\Documents and Settings\Osaka\My Documents\1SriLanka\2NewHP\images\Thumbs.db --> ftp180.lolipop.jp /images Thumbs.db
2007.01.31 11:36 B C:\Documents and Settings\Osaka\My Documents\1SriLanka\2NewHP\images\top_0001a.jpg --> ftp180.lolipop.jp /images top_0001a.jpg
2007.01.31 11:36 B C:\Documents and Settings\Osaka\My Documents\1SriLanka\2NewHP\images\top_0001b.jpg --> ftp180.lolipop.jp /images top_0001b.jpg
2007.01.31 11:36 B C:\Documents and Settings\Osaka\My Documents\1SriLanka\2NewHP\images\top_0001c.jpg --> ftp180.lolipop.jp /images top_0001c.jpg
2007.01.31 11:36 B C:\Documents and Settings\Osaka\My Documents\1SriLanka\2NewHP\images\top_0001d.jpg --> ftp180.lolipop.jp /images top_0001d.jpg
2007.01.31 11:36 B C:\Documents and Settings\Osaka\My Documents\1SriLanka\2NewHP\images\top_0001e.jpg --> ftp180.lolipop.jp /images top_0001e.jpg
2007.01.31 11:36 B C:\Documents and Settings\Osaka\My Documents\1SriLanka\2NewHP\images\top_0002b.jpg --> ftp180.lolipop.jp /images top_0002b.jpg
2007.01.31 11:36 B C:\Documents and Settings\Osaka\My Documents\1SriLanka\2NewHP\images\top_0002c.jpg --> ftp180.lolipop.jp /images top_0002c.jpg
2007.01.31 11:36 B C:\Documents and Settings\Osaka\My Documents\1SriLanka\2NewHP\images\top_0002d.jpg --> ftp180.lolipop.jp /images top_0002d.jpg
2007.01.31 11:36 B C:\Documents and Settings\Osaka\My Documents\1SriLanka\2NewHP\images\top_0003a.jpg --> ftp180.lolipop.jp /images top_0003a.jpg
2007.01.31 11:36 B C:\Documents and Settings\Osaka\My Documents\1SriLanka\2NewHP\images\top_0003b.jpg --> ftp180.lolipop.jp /images top_0003b.jpg
2007.01.31 11:36 B C:\Documents and Settings\Osaka\My Documents\1SriLanka\2NewHP\images\top_0003c.jpg --> ftp180.lolipop.jp /images top_0003c.jpg
2007.01.31 11:36 B C:\Documents and Settings\Osaka\My Documents\1SriLanka\2NewHP\images\top_0003d.jpg --> ftp180.lolipop.jp /images top_0003d.jpg
2007.01.31 11:39 B C:\Documents and Settings\Osaka\My Documents\1SriLanka\2NewHP\images\yaji02.gif --> ftp180.lolipop.jp /images yaji02.gif
2007.01.31 11:39 B C:\Documents and Settings\Osaka\My Documents\1SriLanka\2NewHP\images\top_0011.gif --> ftp180.lolipop.jp /images top_0011.gif
2007.01.31 11:39 B C:\Documents and Settings\Osaka\My Documents\1SriLanka\2NewHP\images\top_0010.gif --> ftp180.lolipop.jp /images top_0010.gif
2007.01.31 11:39 B C:\Documents and Settings\Osaka\My Documents\1SriLanka\2NewHP\images\top_0009b.gif --> ftp180.lolipop.jp /images top_0009b.gif
2007.01.31 11:39 B C:\Documents and Settings\Osaka\My Documents\1SriLanka\2NewHP\images\top_0009a.gif --> ftp180.lolipop.jp /images top_0009a.gif
2007.01.31 11:39 B C:\Documents and Settings\Osaka\My Documents\1SriLanka\2NewHP\images\top_0008c.gif --> ftp180.lolipop.jp /images top_0008c.gif
2007.01.31 11:39 B C:\Documents and Settings\Osaka\My Documents\1SriLanka\2NewHP\images\top_0008b.gif --> ftp180.lolipop.jp /images top_0008b.gif
2007.01.31 11:39 B C:\Documents and Settings\Osaka\My Documents\1SriLanka\2NewHP\images\top_0008a.gif --> ftp180.lolipop.jp /images top_0008a.gif
2007.01.31 11:39 B C:\Documents and Settings\Osaka\My Documents\1SriLanka\2NewHP\images\top_0007g.jpg --> ftp180.lolipop.jp /images top_0007g.jpg
2007.01.31 11:39 B C:\Documents and Settings\Osaka\My Documents\1SriLanka\2NewHP\images\top_0007f.jpg --> ftp180.lolipop.jp /images top_0007f.jpg
2007.01.31 11:39 B C:\Documents and Settings\Osaka\My Documents\1SriLanka\2NewHP\images\top_0007e.jpg --> ftp180.lolipop.jp /images top_0007e.jpg
2007.01.31 11:39 B C:\Documents and Settings\Osaka\My Documents\1SriLanka\2NewHP\images\top_0007d.jpg --> ftp180.lolipop.jp /images top_0007d.jpg
2007.01.31 11:39 B C:\Documents and Settings\Osaka\My Documents\1SriLanka\2NewHP\images\top_0007c.jpg --> ftp180.lolipop.jp /images top_0007c.jpg
2007.01.31 11:39 B C:\Documents and Settings\Osaka\My Documents\1SriLanka\2NewHP\images\top_0007b.jpg --> ftp180.lolipop.jp /images top_0007b.jpg
2007.01.31 11:39 B C:\Documents and Settings\Osaka\My Documents\1SriLanka\2NewHP\images\top_0007a.jpg --> ftp180.lolipop.jp /images top_0007a.jpg
2007.01.31 11:39 B C:\Documents and Settings\Osaka\My Documents\1SriLanka\2NewHP\images\top_0006g.jpg --> ftp180.lolipop.jp /images top_0006g.jpg
2007.01.31 11:39 B C:\Documents and Settings\Osaka\My Documents\1SriLanka\2NewHP\images\top_0006f.jpg --> ftp180.lolipop.jp /images top_0006f.jpg
2007.01.31 11:39 B C:\Documents and Settings\Osaka\My Documents\1SriLanka\2NewHP\images\top_0006e.jpg --> ftp180.lolipop.jp /images top_0006e.jpg
2007.01.31 11:39 B C:\Documents and Settings\Osaka\My Documents\1SriLanka\2NewHP\images\top_0006d.jpg --> ftp180.lolipop.jp /images top_0006d.jpg
2007.01.31 11:39 B C:\Documents and Settings\Osaka\My Documents\1SriLanka\2NewHP\images\top_0006c.jpg --> ftp180.lolipop.jp /images top_0006c.jpg
2007.01.31 11:39 B C:\Documents and Settings\Osaka\My Documents\1SriLanka\2NewHP\images\top_0006b.jpg --> ftp180.lolipop.jp /images top_0006b.jpg
2007.01.31 11:39 B C:\Documents and Settings\Osaka\My Documents\1SriLanka\2NewHP\images\top_0006a.jpg --> ftp180.lolipop.jp /images top_0006a.jpg
2007.01.31 11:39 B C:\Documents and Settings\Osaka\My Documents\1SriLanka\2NewHP\images\top_0005f.jpg --> ftp180.lolipop.jp /images top_0005f.jpg
2007.01.31 11:39 B C:\Documents and Settings\Osaka\My Documents\1SriLanka\2NewHP\images\top_0005e01.jpg --> ftp180.lolipop.jp /images top_0005e01.jpg
2007.01.31 11:39 B C:\Documents and Settings\Osaka\My Documents\1SriLanka\2NewHP\images\top_0005e.jpg --> ftp180.lolipop.jp /images top_0005e.jpg
2007.01.31 11:39 B C:\Documents and Settings\Osaka\My Documents\1SriLanka\2NewHP\images\top_0005d01.jpg --> ftp180.lolipop.jp /images top_0005d01.jpg
2007.01.31 11:39 B C:\Documents and Settings\Osaka\My Documents\1SriLanka\2NewHP\images\top_0005d.jpg --> ftp180.lolipop.jp /images top_0005d.jpg
2007.01.31 11:39 B C:\Documents and Settings\Osaka\My Documents\1SriLanka\2NewHP\images\top_0005c01.jpg --> ftp180.lolipop.jp /images top_0005c01.jpg
2007.01.31 11:39 B C:\Documents and Settings\Osaka\My Documents\1SriLanka\2NewHP\images\top_0005c.jpg --> ftp180.lolipop.jp /images top_0005c.jpg
2007.01.31 11:39 B C:\Documents and Settings\Osaka\My Documents\1SriLanka\2NewHP\images\top_0005b.jpg --> ftp180.lolipop.jp /images top_0005b.jpg
2007.01.31 11:39 B C:\Documents and Settings\Osaka\My Documents\1SriLanka\2NewHP\images\top_0005a.jpg --> ftp180.lolipop.jp /images top_0005a.jpg
2007.01.31 11:39 B C:\Documents and Settings\Osaka\My Documents\1SriLanka\2NewHP\images\top_0004g.jpg --> ftp180.lolipop.jp /images top_0004g.jpg
2007.01.31 11:39 B C:\Documents and Settings\Osaka\My Documents\1SriLanka\2NewHP\images\top_0004f.jpg --> ftp180.lolipop.jp /images top_0004f.jpg
2007.01.31 11:39 B C:\Documents and Settings\Osaka\My Documents\1SriLanka\2NewHP\images\top_0004e.jpg --> ftp180.lolipop.jp /images top_0004e.jpg
2007.01.31 11:39 B C:\Documents and Settings\Osaka\My Documents\1SriLanka\2NewHP\images\top_0004d.jpg --> ftp180.lolipop.jp /images top_0004d.jpg
2007.01.31 11:39 B C:\Documents and Settings\Osaka\My Documents\1SriLanka\2NewHP\images\top_0004c.jpg --> ftp180.lolipop.jp /images top_0004c.jpg
2007.01.31 11:39 B C:\Documents and Settings\Osaka\My Documents\1SriLanka\2NewHP\images\top_0004b.jpg --> ftp180.lolipop.jp /images top_0004b.jpg
2007.01.31 11:39 B C:\Documents and Settings\Osaka\My Documents\1SriLanka\2NewHP\images\top_0003h.jpg --> ftp180.lolipop.jp /images top_0003h.jpg
2007.01.31 11:39 B C:\Documents and Settings\Osaka\My Documents\1SriLanka\2NewHP\images\top_0003g.jpg --> ftp180.lolipop.jp /images top_0003g.jpg
2007.01.31 11:39 B C:\Documents and Settings\Osaka\My Documents\1SriLanka\2NewHP\images\top_0003f.jpg --> ftp180.lolipop.jp /images top_0003f.jpg
2007.03.10 14:48 B C:\Documents and Settings\Osaka\My Documents\1SriLanka\2NewHP\images\be3_468px_60pxs.gif --> ftp180.lolipop.jp /test/images be3_468px_60pxs.gif
2007.03.10 14:48 B C:\Documents and Settings\Osaka\My Documents\1SriLanka\2NewHP\images\bk.gif --> ftp180.lolipop.jp /test/images bk.gif
2007.03.10 14:48 B C:\Documents and Settings\Osaka\My Documents\1SriLanka\2NewHP\images\head_r1_c1.gif --> ftp180.lolipop.jp /test/images head_r1_c1.gif
2007.03.10 14:48 B C:\Documents and Settings\Osaka\My Documents\1SriLanka\2NewHP\images\ishikawasama5.jpg --> ftp180.lolipop.jp /test/images ishikawasama5.jpg
2007.03.10 14:48 B C:\Documents and Settings\Osaka\My Documents\1SriLanka\2NewHP\images\l01.gif --> ftp180.lolipop.jp /test/images l01.gif
2007.03.10 14:48 B C:\Documents and Settings\Osaka\My Documents\1SriLanka\2NewHP\images\menu_001a.jpg --> ftp180.lolipop.jp /test/images menu_001a.jpg
2007.03.10 14:48 B C:\Documents and Settings\Osaka\My Documents\1SriLanka\2NewHP\images\menu_001b.jpg --> ftp180.lolipop.jp /test/images menu_001b.jpg
2007.03.10 14:48 B C:\Documents and Settings\Osaka\My Documents\1SriLanka\2NewHP\images\menu_001c.jpg --> ftp180.lolipop.jp /test/images menu_001c.jpg
2007.03.10 14:48 B C:\Documents and Settings\Osaka\My Documents\1SriLanka\2NewHP\images\menu_001d.jpg --> ftp180.lolipop.jp /test/images menu_001d.jpg
2007.03.10 14:48 B C:\Documents and Settings\Osaka\My Documents\1SriLanka\2NewHP\images\menu_001e.jpg --> ftp180.lolipop.jp /test/images menu_001e.jpg
2007.03.10 14:48 B C:\Documents and Settings\Osaka\My Documents\1SriLanka\2NewHP\images\menu_001f.jpg --> ftp180.lolipop.jp /test/images menu_001f.jpg
2007.03.10 14:48 B C:\Documents and Settings\Osaka\My Documents\1SriLanka\2NewHP\images\menu_001g.jpg --> ftp180.lolipop.jp /test/images menu_001g.jpg
2007.03.10 14:48 B C:\Documents and Settings\Osaka\My Documents\1SriLanka\2NewHP\images\menu_001h.jpg --> ftp180.lolipop.jp /test/images menu_001h.jpg
2007.03.10 14:48 B C:\Documents and Settings\Osaka\My Documents\1SriLanka\2NewHP\images\menu_001i.jpg --> ftp180.lolipop.jp /test/images menu_001i.jpg
2007.03.10 14:48 B C:\Documents and Settings\Osaka\My Documents\1SriLanka\2NewHP\images\menu_001j.jpg --> ftp180.lolipop.jp /test/images menu_001j.jpg
2007.03.10 14:48 B C:\Documents and Settings\Osaka\My Documents\1SriLanka\2NewHP\images\menu_002a.jpg --> ftp180.lolipop.jp /test/images menu_002a.jpg
2007.03.10 14:48 B C:\Documents and Settings\Osaka\My Documents\1SriLanka\2NewHP\images\menu_002b.jpg --> ftp180.lolipop.jp /test/images menu_002b.jpg
2007.03.10 14:48 B C:\Documents and Settings\Osaka\My Documents\1SriLanka\2NewHP\images\menu_002c.jpg --> ftp180.lolipop.jp /test/images menu_002c.jpg
2007.03.10 14:48 B C:\Documents and Settings\Osaka\My Documents\1SriLanka\2NewHP\images\menu_002d.jpg --> ftp180.lolipop.jp /test/images menu_002d.jpg
2007.03.10 14:48 B C:\Documents and Settings\Osaka\My Documents\1SriLanka\2NewHP\images\menu_002e.jpg --> ftp180.lolipop.jp /test/images menu_002e.jpg
2007.03.10 14:48 B C:\Documents and Settings\Osaka\My Documents\1SriLanka\2NewHP\images\menu_002f.jpg --> ftp180.lolipop.jp /test/images menu_002f.jpg
2007.03.10 14:48 B C:\Documents and Settings\Osaka\My Documents\1SriLanka\2NewHP\images\menu_002g.jpg --> ftp180.lolipop.jp /test/images menu_002g.jpg
2007.03.10 14:48 B C:\Documents and Settings\Osaka\My Documents\1SriLanka\2NewHP\images\menu_002h.jpg --> ftp180.lolipop.jp /test/images menu_002h.jpg
2007.03.10 14:48 B C:\Documents and Settings\Osaka\My Documents\1SriLanka\2NewHP\images\menu_002i.jpg --> ftp180.lolipop.jp /test/images menu_002i.jpg
2007.03.10 14:48 B C:\Documents and Settings\Osaka\My Documents\1SriLanka\2NewHP\images\menu_002j.jpg --> ftp180.lolipop.jp /test/images menu_002j.jpg
2007.03.10 14:48 B C:\Documents and Settings\Osaka\My Documents\1SriLanka\2NewHP\images\menu_bk.jpg --> ftp180.lolipop.jp /test/images menu_bk.jpg
2007.03.10 14:48 B C:\Documents and Settings\Osaka\My Documents\1SriLanka\2NewHP\images\MitsukoOsaka.gif --> ftp180.lolipop.jp /test/images MitsukoOsaka.gif
2007.03.10 14:48 B C:\Documents and Settings\Osaka\My Documents\1SriLanka\2NewHP\images\new1.gif --> ftp180.lolipop.jp /test/images new1.gif
2007.03.10 14:48 B C:\Documents and Settings\Osaka\My Documents\1SriLanka\2NewHP\images\otsukasama6.jpg --> ftp180.lolipop.jp /test/images otsukasama6.jpg
2007.03.10 14:48 B C:\Documents and Settings\Osaka\My Documents\1SriLanka\2NewHP\images\sevena1.jpg --> ftp180.lolipop.jp /test/images sevena1.jpg
2007.03.10 14:48 B C:\Documents and Settings\Osaka\My Documents\1SriLanka\2NewHP\images\spacer.gif --> ftp180.lolipop.jp /test/images spacer.gif
2007.03.10 14:48 B C:\Documents and Settings\Osaka\My Documents\1SriLanka\2NewHP\images\Thumbs.db --> ftp180.lolipop.jp /test/images Thumbs.db
2007.03.10 14:48 B C:\Documents and Settings\Osaka\My Documents\1SriLanka\2NewHP\images\top_0001a.jpg --> ftp180.lolipop.jp /test/images top_0001a.jpg
2007.03.10 14:48 B C:\Documents and Settings\Osaka\My Documents\1SriLanka\2NewHP\images\top_0001b.jpg --> ftp180.lolipop.jp /test/images top_0001b.jpg
2007.03.10 14:48 B C:\Documents and Settings\Osaka\My Documents\1SriLanka\2NewHP\images\top_0001c.jpg --> ftp180.lolipop.jp /test/images top_0001c.jpg
2007.03.10 14:48 B C:\Documents and Settings\Osaka\My Documents\1SriLanka\2NewHP\images\top_0001d.jpg --> ftp180.lolipop.jp /test/images top_0001d.jpg
2007.03.10 14:48 B C:\Documents and Settings\Osaka\My Documents\1SriLanka\2NewHP\images\top_0001e.jpg --> ftp180.lolipop.jp /test/images top_0001e.jpg
2007.03.10 14:48 B C:\Documents and Settings\Osaka\My Documents\1SriLanka\2NewHP\images\top_0002b.jpg --> ftp180.lolipop.jp /test/images top_0002b.jpg
2007.03.10 14:48 B C:\Documents and Settings\Osaka\My Documents\1SriLanka\2NewHP\images\top_0002c.jpg --> ftp180.lolipop.jp /test/images top_0002c.jpg
2007.03.10 14:48 B C:\Documents and Settings\Osaka\My Documents\1SriLanka\2NewHP\images\top_0002d.jpg --> ftp180.lolipop.jp /test/images top_0002d.jpg
2007.03.10 14:48 B C:\Documents and Settings\Osaka\My Documents\1SriLanka\2NewHP\images\top_0003a.jpg --> ftp180.lolipop.jp /test/images top_0003a.jpg
2007.03.10 14:48 B C:\Documents and Settings\Osaka\My Documents\1SriLanka\2NewHP\images\top_0003b.jpg --> ftp180.lolipop.jp /test/images top_0003b.jpg
2007.03.10 14:48 B C:\Documents and Settings\Osaka\My Documents\1SriLanka\2NewHP\images\top_0003c.jpg --> ftp180.lolipop.jp /test/images top_0003c.jpg
2007.03.10 14:48 B C:\Documents and Settings\Osaka\My Documents\1SriLanka\2NewHP\images\top_0003d.jpg --> ftp180.lolipop.jp /test/images top_0003d.jpg
2007.03.10 14:48 B C:\Documents and Settings\Osaka\My Documents\1SriLanka\2NewHP\images\top_0003e.jpg --> ftp180.lolipop.jp /test/images top_0003e.jpg
2007.03.10 14:48 B C:\Documents and Settings\Osaka\My Documents\1SriLanka\2NewHP\images\top_0003f.jpg --> ftp180.lolipop.jp /test/images top_0003f.jpg
2007.03.10 14:48 B C:\Documents and Settings\Osaka\My Documents\1SriLanka\2NewHP\images\top_0003g.jpg --> ftp180.lolipop.jp /test/images top_0003g.jpg
2007.03.10 14:48 B C:\Documents and Settings\Osaka\My Documents\1SriLanka\2NewHP\images\top_0003h.jpg --> ftp180.lolipop.jp /test/images top_0003h.jpg
2007.03.10 14:48 B C:\Documents and Settings\Osaka\My Documents\1SriLanka\2NewHP\images\top_0004b.jpg --> ftp180.lolipop.jp /test/images top_0004b.jpg
2007.03.10 14:48 B C:\Documents and Settings\Osaka\My Documents\1SriLanka\2NewHP\images\top_0004c.jpg --> ftp180.lolipop.jp /test/images top_0004c.jpg
2007.03.10 14:48 B C:\Documents and Settings\Osaka\My Documents\1SriLanka\2NewHP\images\top_0004d.jpg --> ftp180.lolipop.jp /test/images top_0004d.jpg
2007.03.10 14:48 B C:\Documents and Settings\Osaka\My Documents\1SriLanka\2NewHP\images\top_0004e.jpg --> ftp180.lolipop.jp /test/images top_0004e.jpg
2007.03.10 14:48 B C:\Documents and Settings\Osaka\My Documents\1SriLanka\2NewHP\images\top_0004f.jpg --> ftp180.lolipop.jp /test/images top_0004f.jpg
2007.03.10 14:48 B C:\Documents and Settings\Osaka\My Documents\1SriLanka\2NewHP\images\top_0004g.jpg --> ftp180.lolipop.jp /test/images top_0004g.jpg
2007.03.10 14:48 B C:\Documents and Settings\Osaka\My Documents\1SriLanka\2NewHP\images\top_0005a.jpg --> ftp180.lolipop.jp /test/images top_0005a.jpg
2007.03.10 14:48 B C:\Documents and Settings\Osaka\My Documents\1SriLanka\2NewHP\images\top_0005b.jpg --> ftp180.lolipop.jp /test/images top_0005b.jpg
2007.03.10 14:48 B C:\Documents and Settings\Osaka\My Documents\1SriLanka\2NewHP\images\top_0005c.jpg --> ftp180.lolipop.jp /test/images top_0005c.jpg
2007.03.10 14:48 B C:\Documents and Settings\Osaka\My Documents\1SriLanka\2NewHP\images\top_0005c01.jpg --> ftp180.lolipop.jp /test/images top_0005c01.jpg
2007.03.10 14:48 B C:\Documents and Settings\Osaka\My Documents\1SriLanka\2NewHP\images\top_0005d.jpg --> ftp180.lolipop.jp /test/images top_0005d.jpg
2007.03.10 14:48 B C:\Documents and Settings\Osaka\My Documents\1SriLanka\2NewHP\images\top_0005d01.jpg --> ftp180.lolipop.jp /test/images top_0005d01.jpg
2007.03.10 14:48 B C:\Documents and Settings\Osaka\My Documents\1SriLanka\2NewHP\images\top_0005e.jpg --> ftp180.lolipop.jp /test/images top_0005e.jpg
2007.03.10 14:48 B C:\Documents and Settings\Osaka\My Documents\1SriLanka\2NewHP\images\top_0005e01.jpg --> ftp180.lolipop.jp /test/images top_0005e01.jpg
2007.03.10 14:48 B C:\Documents and Settings\Osaka\My Documents\1SriLanka\2NewHP\images\top_0005f.jpg --> ftp180.lolipop.jp /test/images top_0005f.jpg
2007.03.10 14:48 B C:\Documents and Settings\Osaka\My Documents\1SriLanka\2NewHP\images\top_0006a.jpg --> ftp180.lolipop.jp /test/images top_0006a.jpg
2007.03.10 14:48 B C:\Documents and Settings\Osaka\My Documents\1SriLanka\2NewHP\images\top_0006b.jpg --> ftp180.lolipop.jp /test/images top_0006b.jpg
2007.03.10 14:48 B C:\Documents and Settings\Osaka\My Documents\1SriLanka\2NewHP\images\top_0006c.jpg --> ftp180.lolipop.jp /test/images top_0006c.jpg
2007.03.10 14:48 B C:\Documents and Settings\Osaka\My Documents\1SriLanka\2NewHP\images\top_0006d.jpg --> ftp180.lolipop.jp /test/images top_0006d.jpg
2007.03.10 14:48 B C:\Documents and Settings\Osaka\My Documents\1SriLanka\2NewHP\images\top_0006e.jpg --> ftp180.lolipop.jp /test/images top_0006e.jpg
2007.03.10 14:48 B C:\Documents and Settings\Osaka\My Documents\1SriLanka\2NewHP\images\top_0006f.jpg --> ftp180.lolipop.jp /test/images top_0006f.jpg
2007.03.10 14:48 B C:\Documents and Settings\Osaka\My Documents\1SriLanka\2NewHP\images\top_0006g.jpg --> ftp180.lolipop.jp /test/images top_0006g.jpg
2007.03.10 14:48 B C:\Documents and Settings\Osaka\My Documents\1SriLanka\2NewHP\images\top_0007a.jpg --> ftp180.lolipop.jp /test/images top_0007a.jpg
2007.03.10 14:48 B C:\Documents and Settings\Osaka\My Documents\1SriLanka\2NewHP\images\top_0007b.jpg --> ftp180.lolipop.jp /test/images top_0007b.jpg
2007.03.10 14:48 B C:\Documents and Settings\Osaka\My Documents\1SriLanka\2NewHP\images\top_0007c.jpg --> ftp180.lolipop.jp /test/images top_0007c.jpg
2007.03.10 14:48 B C:\Documents and Settings\Osaka\My Documents\1SriLanka\2NewHP\images\top_0007d.jpg --> ftp180.lolipop.jp /test/images top_0007d.jpg
2007.03.10 14:48 B C:\Documents and Settings\Osaka\My Documents\1SriLanka\2NewHP\images\top_0007e.jpg --> ftp180.lolipop.jp /test/images top_0007e.jpg
2007.03.10 14:48 B C:\Documents and Settings\Osaka\My Documents\1SriLanka\2NewHP\images\top_0007f.jpg --> ftp180.lolipop.jp /test/images top_0007f.jpg
2007.03.10 14:48 B C:\Documents and Settings\Osaka\My Documents\1SriLanka\2NewHP\images\top_0007g.jpg --> ftp180.lolipop.jp /test/images top_0007g.jpg
2007.03.10 14:48 B C:\Documents and Settings\Osaka\My Documents\1SriLanka\2NewHP\images\top_0008a.gif --> ftp180.lolipop.jp /test/images top_0008a.gif
2007.03.10 14:48 B C:\Documents and Settings\Osaka\My Documents\1SriLanka\2NewHP\images\top_0008b.gif --> ftp180.lolipop.jp /test/images top_0008b.gif
2007.03.10 14:48 B C:\Documents and Settings\Osaka\My Documents\1SriLanka\2NewHP\images\top_0008c.gif --> ftp180.lolipop.jp /test/images top_0008c.gif
2007.03.10 14:48 B C:\Documents and Settings\Osaka\My Documents\1SriLanka\2NewHP\images\top_0009a.gif --> ftp180.lolipop.jp /test/images top_0009a.gif
2007.03.10 14:48 B C:\Documents and Settings\Osaka\My Documents\1SriLanka\2NewHP\images\top_0009b.gif --> ftp180.lolipop.jp /test/images top_0009b.gif
2007.03.10 14:48 B C:\Documents and Settings\Osaka\My Documents\1SriLanka\2NewHP\images\top_0010.gif --> ftp180.lolipop.jp /test/images top_0010.gif
2007.03.10 14:48 B C:\Documents and Settings\Osaka\My Documents\1SriLanka\2NewHP\images\top_0011.gif --> ftp180.lolipop.jp /test/images top_0011.gif
2007.03.10 14:48 B C:\Documents and Settings\Osaka\My Documents\1SriLanka\2NewHP\images\WS_FTP.LOG --> ftp180.lolipop.jp /test/images WS_FTP.LOG
2007.03.10 14:48 B C:\Documents and Settings\Osaka\My Documents\1SriLanka\2NewHP\images\yaji02.gif --> ftp180.lolipop.jp /test/images yaji02.gif
2014.07.20 22:41 B Z:\1SriLanka\2NewHP\images\be3_468px_60pxs.gif --> ftp.dp12016968.lolipop.jp /test/images be3_468px_60pxs.gif
2014.07.20 22:41 B Z:\1SriLanka\2NewHP\images\bk.gif --> ftp.dp12016968.lolipop.jp /test/images bk.gif
2014.07.20 22:41 B Z:\1SriLanka\2NewHP\images\head_r1_c1.gif --> ftp.dp12016968.lolipop.jp /test/images head_r1_c1.gif
2014.07.20 22:41 B Z:\1SriLanka\2NewHP\images\ishikawasama5.jpg --> ftp.dp12016968.lolipop.jp /test/images ishikawasama5.jpg
2014.07.20 22:41 B Z:\1SriLanka\2NewHP\images\l01.gif --> ftp.dp12016968.lolipop.jp /test/images l01.gif
2014.07.20 22:41 B Z:\1SriLanka\2NewHP\images\menu_001a.jpg --> ftp.dp12016968.lolipop.jp /test/images menu_001a.jpg
2014.07.20 22:41 B Z:\1SriLanka\2NewHP\images\menu_001b.jpg --> ftp.dp12016968.lolipop.jp /test/images menu_001b.jpg
2014.07.20 22:41 B Z:\1SriLanka\2NewHP\images\menu_001c.jpg --> ftp.dp12016968.lolipop.jp /test/images menu_001c.jpg
2014.07.20 22:41 B Z:\1SriLanka\2NewHP\images\menu_001d.jpg --> ftp.dp12016968.lolipop.jp /test/images menu_001d.jpg
2014.07.20 22:41 B Z:\1SriLanka\2NewHP\images\menu_001e.jpg --> ftp.dp12016968.lolipop.jp /test/images menu_001e.jpg
2014.07.20 22:41 B Z:\1SriLanka\2NewHP\images\menu_001f.jpg --> ftp.dp12016968.lolipop.jp /test/images menu_001f.jpg
2014.07.20 22:41 B Z:\1SriLanka\2NewHP\images\menu_001g.jpg --> ftp.dp12016968.lolipop.jp /test/images menu_001g.jpg
2014.07.20 22:41 B Z:\1SriLanka\2NewHP\images\menu_001h.jpg --> ftp.dp12016968.lolipop.jp /test/images menu_001h.jpg
2014.07.20 22:41 B Z:\1SriLanka\2NewHP\images\menu_001i.jpg --> ftp.dp12016968.lolipop.jp /test/images menu_001i.jpg
2014.07.20 22:41 B Z:\1SriLanka\2NewHP\images\menu_001j.jpg --> ftp.dp12016968.lolipop.jp /test/images menu_001j.jpg
2014.07.20 22:41 B Z:\1SriLanka\2NewHP\images\menu_002a.jpg --> ftp.dp12016968.lolipop.jp /test/images menu_002a.jpg
2014.07.20 22:41 B Z:\1SriLanka\2NewHP\images\menu_002b.jpg --> ftp.dp12016968.lolipop.jp /test/images menu_002b.jpg
2014.07.20 22:41 B Z:\1SriLanka\2NewHP\images\menu_002c.jpg --> ftp.dp12016968.lolipop.jp /test/images menu_002c.jpg
2014.07.20 22:41 B Z:\1SriLanka\2NewHP\images\menu_002d.jpg --> ftp.dp12016968.lolipop.jp /test/images menu_002d.jpg
2014.07.20 22:41 B Z:\1SriLanka\2NewHP\images\menu_002e.jpg --> ftp.dp12016968.lolipop.jp /test/images menu_002e.jpg
2014.07.20 22:41 B Z:\1SriLanka\2NewHP\images\menu_002f.jpg --> ftp.dp12016968.lolipop.jp /test/images menu_002f.jpg
2014.07.20 22:41 B Z:\1SriLanka\2NewHP\images\menu_002g.jpg --> ftp.dp12016968.lolipop.jp /test/images menu_002g.jpg
2014.07.20 22:41 B Z:\1SriLanka\2NewHP\images\menu_002h.jpg --> ftp.dp12016968.lolipop.jp /test/images menu_002h.jpg
2014.07.20 22:41 B Z:\1SriLanka\2NewHP\images\menu_002i.jpg --> ftp.dp12016968.lolipop.jp /test/images menu_002i.jpg
2014.07.20 22:41 B Z:\1SriLanka\2NewHP\images\menu_002j.jpg --> ftp.dp12016968.lolipop.jp /test/images menu_002j.jpg
2014.07.20 22:41 B Z:\1SriLanka\2NewHP\images\menu_bk.jpg --> ftp.dp12016968.lolipop.jp /test/images menu_bk.jpg
2014.07.20 22:41 B Z:\1SriLanka\2NewHP\images\MitsukoOsaka.gif --> ftp.dp12016968.lolipop.jp /test/images MitsukoOsaka.gif
2014.07.20 22:41 B Z:\1SriLanka\2NewHP\images\new1.gif --> ftp.dp12016968.lolipop.jp /test/images new1.gif
2014.07.20 22:41 B Z:\1SriLanka\2NewHP\images\otsukasama6.jpg --> ftp.dp12016968.lolipop.jp /test/images otsukasama6.jpg
2014.07.20 22:41 B Z:\1SriLanka\2NewHP\images\sevena1.jpg --> ftp.dp12016968.lolipop.jp /test/images sevena1.jpg
2014.07.20 22:41 B Z:\1SriLanka\2NewHP\images\spacer.gif --> ftp.dp12016968.lolipop.jp /test/images spacer.gif
2014.07.20 22:41 B Z:\1SriLanka\2NewHP\images\Thumbs (1).db --> ftp.dp12016968.lolipop.jp /test/images Thumbs (1).db
2014.07.20 22:41 B Z:\1SriLanka\2NewHP\images\Thumbs.db --> ftp.dp12016968.lolipop.jp /test/images Thumbs.db
2014.07.20 22:41 B Z:\1SriLanka\2NewHP\images\top_0001a.jpg --> ftp.dp12016968.lolipop.jp /test/images top_0001a.jpg
2014.07.20 22:41 B Z:\1SriLanka\2NewHP\images\top_0001b.jpg --> ftp.dp12016968.lolipop.jp /test/images top_0001b.jpg
2014.07.20 22:41 B Z:\1SriLanka\2NewHP\images\top_0001c.jpg --> ftp.dp12016968.lolipop.jp /test/images top_0001c.jpg
2014.07.20 22:41 B Z:\1SriLanka\2NewHP\images\top_0001d.jpg --> ftp.dp12016968.lolipop.jp /test/images top_0001d.jpg
2014.07.20 22:41 B Z:\1SriLanka\2NewHP\images\top_0001e.jpg --> ftp.dp12016968.lolipop.jp /test/images top_0001e.jpg
2014.07.20 22:41 B Z:\1SriLanka\2NewHP\images\top_0002b.jpg --> ftp.dp12016968.lolipop.jp /test/images top_0002b.jpg
2014.07.20 22:41 B Z:\1SriLanka\2NewHP\images\top_0002c.jpg --> ftp.dp12016968.lolipop.jp /test/images top_0002c.jpg
2014.07.20 22:41 B Z:\1SriLanka\2NewHP\images\top_0002d.jpg --> ftp.dp12016968.lolipop.jp /test/images top_0002d.jpg
2014.07.20 22:41 B Z:\1SriLanka\2NewHP\images\top_0003a.jpg --> ftp.dp12016968.lolipop.jp /test/images top_0003a.jpg
2014.07.20 22:41 B Z:\1SriLanka\2NewHP\images\top_0003b.jpg --> ftp.dp12016968.lolipop.jp /test/images top_0003b.jpg
2014.07.20 22:41 B Z:\1SriLanka\2NewHP\images\top_0003c.jpg --> ftp.dp12016968.lolipop.jp /test/images top_0003c.jpg
2014.07.20 22:41 B Z:\1SriLanka\2NewHP\images\top_0003d.jpg --> ftp.dp12016968.lolipop.jp /test/images top_0003d.jpg
2014.07.20 22:41 B Z:\1SriLanka\2NewHP\images\top_0003e.jpg --> ftp.dp12016968.lolipop.jp /test/images top_0003e.jpg
2014.07.20 22:41 B Z:\1SriLanka\2NewHP\images\top_0003f.jpg --> ftp.dp12016968.lolipop.jp /test/images top_0003f.jpg
2014.07.20 22:41 B Z:\1SriLanka\2NewHP\images\top_0003g.jpg --> ftp.dp12016968.lolipop.jp /test/images top_0003g.jpg
2014.07.20 22:41 B Z:\1SriLanka\2NewHP\images\top_0003h.jpg --> ftp.dp12016968.lolipop.jp /test/images top_0003h.jpg
2014.07.20 22:41 B Z:\1SriLanka\2NewHP\images\top_0004b.jpg --> ftp.dp12016968.lolipop.jp /test/images top_0004b.jpg
2014.07.20 22:41 B Z:\1SriLanka\2NewHP\images\top_0004c.jpg --> ftp.dp12016968.lolipop.jp /test/images top_0004c.jpg
2014.07.20 22:41 B Z:\1SriLanka\2NewHP\images\top_0004d.jpg --> ftp.dp12016968.lolipop.jp /test/images top_0004d.jpg
2014.07.20 22:41 B Z:\1SriLanka\2NewHP\images\top_0004e.jpg --> ftp.dp12016968.lolipop.jp /test/images top_0004e.jpg
2014.07.20 22:41 B Z:\1SriLanka\2NewHP\images\top_0004f.jpg --> ftp.dp12016968.lolipop.jp /test/images top_0004f.jpg
2014.07.20 22:41 B Z:\1SriLanka\2NewHP\images\top_0004g.jpg --> ftp.dp12016968.lolipop.jp /test/images top_0004g.jpg
2014.07.20 22:41 B Z:\1SriLanka\2NewHP\images\top_0005a.jpg --> ftp.dp12016968.lolipop.jp /test/images top_0005a.jpg
2014.07.20 22:41 B Z:\1SriLanka\2NewHP\images\top_0005b.jpg --> ftp.dp12016968.lolipop.jp /test/images top_0005b.jpg
2014.07.20 22:41 B Z:\1SriLanka\2NewHP\images\top_0005c.jpg --> ftp.dp12016968.lolipop.jp /test/images top_0005c.jpg
2014.07.20 22:41 B Z:\1SriLanka\2NewHP\images\top_0005c01.jpg --> ftp.dp12016968.lolipop.jp /test/images top_0005c01.jpg
2014.07.20 22:41 B Z:\1SriLanka\2NewHP\images\top_0005d.jpg --> ftp.dp12016968.lolipop.jp /test/images top_0005d.jpg
2014.07.20 22:41 B Z:\1SriLanka\2NewHP\images\top_0005d01.jpg --> ftp.dp12016968.lolipop.jp /test/images top_0005d01.jpg
2014.07.20 22:41 B Z:\1SriLanka\2NewHP\images\top_0005e.jpg --> ftp.dp12016968.lolipop.jp /test/images top_0005e.jpg
2014.07.20 22:41 B Z:\1SriLanka\2NewHP\images\top_0005e01.jpg --> ftp.dp12016968.lolipop.jp /test/images top_0005e01.jpg
2014.07.20 22:41 B Z:\1SriLanka\2NewHP\images\top_0005f.jpg --> ftp.dp12016968.lolipop.jp /test/images top_0005f.jpg
2014.07.20 22:41 B Z:\1SriLanka\2NewHP\images\top_0006a.jpg --> ftp.dp12016968.lolipop.jp /test/images top_0006a.jpg
2014.07.20 22:41 B Z:\1SriLanka\2NewHP\images\top_0006b - コピー.jpg --> ftp.dp12016968.lolipop.jp /test/images top_0006b - コピー.jpg
2014.07.20 22:41 B Z:\1SriLanka\2NewHP\images\top_0006b.jpg --> ftp.dp12016968.lolipop.jp /test/images top_0006b.jpg
2014.07.20 22:41 B Z:\1SriLanka\2NewHP\images\top_0006b.psd --> ftp.dp12016968.lolipop.jp /test/images top_0006b.psd
2014.07.20 22:41 B Z:\1SriLanka\2NewHP\images\top_0006c.jpg --> ftp.dp12016968.lolipop.jp /test/images top_0006c.jpg
2014.07.20 22:41 B Z:\1SriLanka\2NewHP\images\top_0006d.jpg --> ftp.dp12016968.lolipop.jp /test/images top_0006d.jpg
2014.07.20 22:41 B Z:\1SriLanka\2NewHP\images\top_0006e.jpg --> ftp.dp12016968.lolipop.jp /test/images top_0006e.jpg
2014.07.20 22:41 B Z:\1SriLanka\2NewHP\images\top_0006f.jpg --> ftp.dp12016968.lolipop.jp /test/images top_0006f.jpg
2014.07.20 22:41 B Z:\1SriLanka\2NewHP\images\top_0006g.jpg --> ftp.dp12016968.lolipop.jp /test/images top_0006g.jpg
2014.07.20 22:41 B Z:\1SriLanka\2NewHP\images\top_0007a.jpg --> ftp.dp12016968.lolipop.jp /test/images top_0007a.jpg
2014.07.20 22:41 B Z:\1SriLanka\2NewHP\images\top_0007b - コピー.jpg --> ftp.dp12016968.lolipop.jp /test/images top_0007b - コピー.jpg
2014.07.20 22:41 B Z:\1SriLanka\2NewHP\images\top_0007b.jpg --> ftp.dp12016968.lolipop.jp /test/images top_0007b.jpg
2014.07.20 22:41 B Z:\1SriLanka\2NewHP\images\top_0007b.psd --> ftp.dp12016968.lolipop.jp /test/images top_0007b.psd
2014.07.20 22:41 B Z:\1SriLanka\2NewHP\images\top_0007c.jpg --> ftp.dp12016968.lolipop.jp /test/images top_0007c.jpg
2014.07.20 22:41 B Z:\1SriLanka\2NewHP\images\top_0007d.jpg --> ftp.dp12016968.lolipop.jp /test/images top_0007d.jpg
2014.07.20 22:41 B Z:\1SriLanka\2NewHP\images\top_0007e.jpg --> ftp.dp12016968.lolipop.jp /test/images top_0007e.jpg
2014.07.20 22:41 B Z:\1SriLanka\2NewHP\images\top_0007f.jpg --> ftp.dp12016968.lolipop.jp /test/images top_0007f.jpg
2014.07.20 22:41 B Z:\1SriLanka\2NewHP\images\top_0007g.jpg --> ftp.dp12016968.lolipop.jp /test/images top_0007g.jpg
2014.07.20 22:41 B Z:\1SriLanka\2NewHP\images\top_0008a.gif --> ftp.dp12016968.lolipop.jp /test/images top_0008a.gif
2014.07.20 22:41 B Z:\1SriLanka\2NewHP\images\top_0008b.gif --> ftp.dp12016968.lolipop.jp /test/images top_0008b.gif
2014.07.20 22:41 B Z:\1SriLanka\2NewHP\images\top_0008c.gif --> ftp.dp12016968.lolipop.jp /test/images top_0008c.gif
2014.07.20 22:41 B Z:\1SriLanka\2NewHP\images\top_0009a.gif --> ftp.dp12016968.lolipop.jp /test/images top_0009a.gif
2014.07.20 22:41 B Z:\1SriLanka\2NewHP\images\top_0009b.gif --> ftp.dp12016968.lolipop.jp /test/images top_0009b.gif
2014.07.20 22:41 B Z:\1SriLanka\2NewHP\images\top_0010.gif --> ftp.dp12016968.lolipop.jp /test/images top_0010.gif
2014.07.20 22:41 B Z:\1SriLanka\2NewHP\images\top_0011.gif --> ftp.dp12016968.lolipop.jp /test/images top_0011.gif
2014.07.20 22:41 B Z:\1SriLanka\2NewHP\images\WS_FTP.LOG --> ftp.dp12016968.lolipop.jp /test/images WS_FTP.LOG
2014.07.20 22:41 B Z:\1SriLanka\2NewHP\images\yaji02.gif --> ftp.dp12016968.lolipop.jp /test/images yaji02.gif
2014.07.21 12:53 B Z:\1SriLanka\2NewHP\images\WS_FTP.LOG --> ftp.dp12016968.lolipop.jp /test/postmail/tmpl/images WS_FTP.LOG
2014.07.21 12:53 B Z:\1SriLanka\2NewHP\images\Thumbs.db --> ftp.dp12016968.lolipop.jp /test/postmail/tmpl/images Thumbs.db
2014.07.21 12:53 B Z:\1SriLanka\2NewHP\images\top_0007b.psd --> ftp.dp12016968.lolipop.jp /test/postmail/tmpl/images top_0007b.psd
2014.07.21 12:53 B Z:\1SriLanka\2NewHP\images\top_0006b.psd --> ftp.dp12016968.lolipop.jp /test/postmail/tmpl/images top_0006b.psd
2014.07.21 12:53 B Z:\1SriLanka\2NewHP\images\top_0007b.jpg --> ftp.dp12016968.lolipop.jp /test/postmail/tmpl/images top_0007b.jpg
2014.07.21 12:53 B Z:\1SriLanka\2NewHP\images\top_0006b.jpg --> ftp.dp12016968.lolipop.jp /test/postmail/tmpl/images top_0006b.jpg
2014.07.21 12:53 B Z:\1SriLanka\2NewHP\images\Thumbs (1).db --> ftp.dp12016968.lolipop.jp /test/postmail/tmpl/images Thumbs (1).db
2014.07.21 12:53 B Z:\1SriLanka\2NewHP\images\yaji02.gif --> ftp.dp12016968.lolipop.jp /test/postmail/tmpl/images yaji02.gif
2014.07.21 12:53 B Z:\1SriLanka\2NewHP\images\top_0011.gif --> ftp.dp12016968.lolipop.jp /test/postmail/tmpl/images top_0011.gif
2014.07.21 12:53 B Z:\1SriLanka\2NewHP\images\top_0010.gif --> ftp.dp12016968.lolipop.jp /test/postmail/tmpl/images top_0010.gif
2014.07.21 12:53 B Z:\1SriLanka\2NewHP\images\top_0009b.gif --> ftp.dp12016968.lolipop.jp /test/postmail/tmpl/images top_0009b.gif
2014.07.21 12:53 B Z:\1SriLanka\2NewHP\images\top_0009a.gif --> ftp.dp12016968.lolipop.jp /test/postmail/tmpl/images top_0009a.gif
2014.07.21 12:53 B Z:\1SriLanka\2NewHP\images\top_0008c.gif --> ftp.dp12016968.lolipop.jp /test/postmail/tmpl/images top_0008c.gif
2014.07.21 12:53 B Z:\1SriLanka\2NewHP\images\top_0008b.gif --> ftp.dp12016968.lolipop.jp /test/postmail/tmpl/images top_0008b.gif
2014.07.21 12:53 B Z:\1SriLanka\2NewHP\images\top_0008a.gif --> ftp.dp12016968.lolipop.jp /test/postmail/tmpl/images top_0008a.gif
2014.07.21 12:53 B Z:\1SriLanka\2NewHP\images\top_0007g.jpg --> ftp.dp12016968.lolipop.jp /test/postmail/tmpl/images top_0007g.jpg
2014.07.21 12:53 B Z:\1SriLanka\2NewHP\images\top_0007f.jpg --> ftp.dp12016968.lolipop.jp /test/postmail/tmpl/images top_0007f.jpg
2014.07.21 12:53 B Z:\1SriLanka\2NewHP\images\top_0007e.jpg --> ftp.dp12016968.lolipop.jp /test/postmail/tmpl/images top_0007e.jpg
2014.07.21 12:53 B Z:\1SriLanka\2NewHP\images\top_0007d.jpg --> ftp.dp12016968.lolipop.jp /test/postmail/tmpl/images top_0007d.jpg
2014.07.21 12:53 B Z:\1SriLanka\2NewHP\images\top_0007c.jpg --> ftp.dp12016968.lolipop.jp /test/postmail/tmpl/images top_0007c.jpg
2014.07.21 12:53 B Z:\1SriLanka\2NewHP\images\top_0007b - コピー.jpg --> ftp.dp12016968.lolipop.jp /test/postmail/tmpl/images top_0007b - コピー.jpg
2014.07.21 12:53 B Z:\1SriLanka\2NewHP\images\top_0007a.jpg --> ftp.dp12016968.lolipop.jp /test/postmail/tmpl/images top_0007a.jpg
2014.07.21 12:53 B Z:\1SriLanka\2NewHP\images\top_0006g.jpg --> ftp.dp12016968.lolipop.jp /test/postmail/tmpl/images top_0006g.jpg
2014.07.21 12:53 B Z:\1SriLanka\2NewHP\images\top_0006f.jpg --> ftp.dp12016968.lolipop.jp /test/postmail/tmpl/images top_0006f.jpg
2014.07.21 12:53 B Z:\1SriLanka\2NewHP\images\top_0006e.jpg --> ftp.dp12016968.lolipop.jp /test/postmail/tmpl/images top_0006e.jpg
2014.07.21 12:53 B Z:\1SriLanka\2NewHP\images\top_0006d.jpg --> ftp.dp12016968.lolipop.jp /test/postmail/tmpl/images top_0006d.jpg
2014.07.21 12:53 B Z:\1SriLanka\2NewHP\images\top_0006c.jpg --> ftp.dp12016968.lolipop.jp /test/postmail/tmpl/images top_0006c.jpg
2014.07.21 12:53 B Z:\1SriLanka\2NewHP\images\top_0006b - コピー.jpg --> ftp.dp12016968.lolipop.jp /test/postmail/tmpl/images top_0006b - コピー.jpg
2014.07.21 12:53 B Z:\1SriLanka\2NewHP\images\top_0006a.jpg --> ftp.dp12016968.lolipop.jp /test/postmail/tmpl/images top_0006a.jpg
2014.07.21 12:53 B Z:\1SriLanka\2NewHP\images\top_0005f.jpg --> ftp.dp12016968.lolipop.jp /test/postmail/tmpl/images top_0005f.jpg
2014.07.21 12:53 B Z:\1SriLanka\2NewHP\images\top_0005e01.jpg --> ftp.dp12016968.lolipop.jp /test/postmail/tmpl/images top_0005e01.jpg
2014.07.21 12:53 B Z:\1SriLanka\2NewHP\images\top_0005e.jpg --> ftp.dp12016968.lolipop.jp /test/postmail/tmpl/images top_0005e.jpg
2014.07.21 12:53 B Z:\1SriLanka\2NewHP\images\top_0005d01.jpg --> ftp.dp12016968.lolipop.jp /test/postmail/tmpl/images top_0005d01.jpg
2014.07.21 12:53 B Z:\1SriLanka\2NewHP\images\top_0005d.jpg --> ftp.dp12016968.lolipop.jp /test/postmail/tmpl/images top_0005d.jpg
2014.07.21 12:53 B Z:\1SriLanka\2NewHP\images\top_0005c01.jpg --> ftp.dp12016968.lolipop.jp /test/postmail/tmpl/images top_0005c01.jpg
2014.07.21 12:53 B Z:\1SriLanka\2NewHP\images\top_0005c.jpg --> ftp.dp12016968.lolipop.jp /test/postmail/tmpl/images top_0005c.jpg
2014.07.21 12:53 B Z:\1SriLanka\2NewHP\images\top_0005b.jpg --> ftp.dp12016968.lolipop.jp /test/postmail/tmpl/images top_0005b.jpg
2014.07.21 12:53 B Z:\1SriLanka\2NewHP\images\top_0005a.jpg --> ftp.dp12016968.lolipop.jp /test/postmail/tmpl/images top_0005a.jpg
2014.07.21 12:53 B Z:\1SriLanka\2NewHP\images\top_0004g.jpg --> ftp.dp12016968.lolipop.jp /test/postmail/tmpl/images top_0004g.jpg
2014.07.21 12:53 B Z:\1SriLanka\2NewHP\images\top_0004f.jpg --> ftp.dp12016968.lolipop.jp /test/postmail/tmpl/images top_0004f.jpg
2014.07.21 12:53 B Z:\1SriLanka\2NewHP\images\top_0004e.jpg --> ftp.dp12016968.lolipop.jp /test/postmail/tmpl/images top_0004e.jpg
2014.07.21 12:53 B Z:\1SriLanka\2NewHP\images\top_0004d.jpg --> ftp.dp12016968.lolipop.jp /test/postmail/tmpl/images top_0004d.jpg
2014.07.21 12:53 B Z:\1SriLanka\2NewHP\images\top_0004c.jpg --> ftp.dp12016968.lolipop.jp /test/postmail/tmpl/images top_0004c.jpg
2014.07.21 12:53 B Z:\1SriLanka\2NewHP\images\top_0004b.jpg --> ftp.dp12016968.lolipop.jp /test/postmail/tmpl/images top_0004b.jpg
2014.07.21 12:53 B Z:\1SriLanka\2NewHP\images\top_0003h.jpg --> ftp.dp12016968.lolipop.jp /test/postmail/tmpl/images top_0003h.jpg
2014.07.21 12:53 B Z:\1SriLanka\2NewHP\images\top_0003g.jpg --> ftp.dp12016968.lolipop.jp /test/postmail/tmpl/images top_0003g.jpg
2014.07.21 12:53 B Z:\1SriLanka\2NewHP\images\top_0003f.jpg --> ftp.dp12016968.lolipop.jp /test/postmail/tmpl/images top_0003f.jpg
2014.07.21 12:53 B Z:\1SriLanka\2NewHP\images\top_0003e.jpg --> ftp.dp12016968.lolipop.jp /test/postmail/tmpl/images top_0003e.jpg
2014.07.21 12:53 B Z:\1SriLanka\2NewHP\images\top_0003d.jpg --> ftp.dp12016968.lolipop.jp /test/postmail/tmpl/images top_0003d.jpg
2014.07.21 12:53 B Z:\1SriLanka\2NewHP\images\top_0003c.jpg --> ftp.dp12016968.lolipop.jp /test/postmail/tmpl/images top_0003c.jpg
2014.07.21 12:53 B Z:\1SriLanka\2NewHP\images\top_0003b.jpg --> ftp.dp12016968.lolipop.jp /test/postmail/tmpl/images top_0003b.jpg
2014.07.21 12:53 B Z:\1SriLanka\2NewHP\images\top_0003a.jpg --> ftp.dp12016968.lolipop.jp /test/postmail/tmpl/images top_0003a.jpg
2014.07.21 12:53 B Z:\1SriLanka\2NewHP\images\top_0002d.jpg --> ftp.dp12016968.lolipop.jp /test/postmail/tmpl/images top_0002d.jpg
2014.07.21 12:53 B Z:\1SriLanka\2NewHP\images\top_0002c.jpg --> ftp.dp12016968.lolipop.jp /test/postmail/tmpl/images top_0002c.jpg
2014.07.21 12:53 B Z:\1SriLanka\2NewHP\images\top_0002b.jpg --> ftp.dp12016968.lolipop.jp /test/postmail/tmpl/images top_0002b.jpg
2014.07.21 12:53 B Z:\1SriLanka\2NewHP\images\top_0001e.jpg --> ftp.dp12016968.lolipop.jp /test/postmail/tmpl/images top_0001e.jpg
2014.07.21 12:53 B Z:\1SriLanka\2NewHP\images\top_0001d.jpg --> ftp.dp12016968.lolipop.jp /test/postmail/tmpl/images top_0001d.jpg
2014.07.21 12:53 B Z:\1SriLanka\2NewHP\images\top_0001c.jpg --> ftp.dp12016968.lolipop.jp /test/postmail/tmpl/images top_0001c.jpg
2014.07.21 12:53 B Z:\1SriLanka\2NewHP\images\top_0001b.jpg --> ftp.dp12016968.lolipop.jp /test/postmail/tmpl/images top_0001b.jpg
2014.07.21 12:53 B Z:\1SriLanka\2NewHP\images\top_0001a.jpg --> ftp.dp12016968.lolipop.jp /test/postmail/tmpl/images top_0001a.jpg
2014.07.21 12:53 B Z:\1SriLanka\2NewHP\images\spacer.gif --> ftp.dp12016968.lolipop.jp /test/postmail/tmpl/images spacer.gif
2014.07.21 12:53 B Z:\1SriLanka\2NewHP\images\sevena1.jpg --> ftp.dp12016968.lolipop.jp /test/postmail/tmpl/images sevena1.jpg
2014.07.21 12:53 B Z:\1SriLanka\2NewHP\images\otsukasama6.jpg --> ftp.dp12016968.lolipop.jp /test/postmail/tmpl/images otsukasama6.jpg
2014.07.21 12:53 B Z:\1SriLanka\2NewHP\images\new1.gif --> ftp.dp12016968.lolipop.jp /test/postmail/tmpl/images new1.gif
2014.07.21 12:53 B Z:\1SriLanka\2NewHP\images\menu_bk.jpg --> ftp.dp12016968.lolipop.jp /test/postmail/tmpl/images menu_bk.jpg
2014.07.21 12:53 B Z:\1SriLanka\2NewHP\images\menu_002j.jpg --> ftp.dp12016968.lolipop.jp /test/postmail/tmpl/images menu_002j.jpg
2014.07.21 12:53 B Z:\1SriLanka\2NewHP\images\menu_002i.jpg --> ftp.dp12016968.lolipop.jp /test/postmail/tmpl/images menu_002i.jpg
2014.07.21 12:53 B Z:\1SriLanka\2NewHP\images\menu_002h.jpg --> ftp.dp12016968.lolipop.jp /test/postmail/tmpl/images menu_002h.jpg
2014.07.21 12:53 B Z:\1SriLanka\2NewHP\images\menu_002g.jpg --> ftp.dp12016968.lolipop.jp /test/postmail/tmpl/images menu_002g.jpg
2014.07.21 12:53 B Z:\1SriLanka\2NewHP\images\menu_002f.jpg --> ftp.dp12016968.lolipop.jp /test/postmail/tmpl/images menu_002f.jpg
2014.07.21 12:53 B Z:\1SriLanka\2NewHP\images\menu_002e.jpg --> ftp.dp12016968.lolipop.jp /test/postmail/tmpl/images menu_002e.jpg
2014.07.21 12:53 B Z:\1SriLanka\2NewHP\images\menu_002d.jpg --> ftp.dp12016968.lolipop.jp /test/postmail/tmpl/images menu_002d.jpg
2014.07.21 12:53 B Z:\1SriLanka\2NewHP\images\menu_002c.jpg --> ftp.dp12016968.lolipop.jp /test/postmail/tmpl/images menu_002c.jpg
2014.07.21 12:53 B Z:\1SriLanka\2NewHP\images\menu_002b.jpg --> ftp.dp12016968.lolipop.jp /test/postmail/tmpl/images menu_002b.jpg
2014.07.21 12:53 B Z:\1SriLanka\2NewHP\images\menu_002a.jpg --> ftp.dp12016968.lolipop.jp /test/postmail/tmpl/images menu_002a.jpg
2014.07.21 12:53 B Z:\1SriLanka\2NewHP\images\menu_001j.jpg --> ftp.dp12016968.lolipop.jp /test/postmail/tmpl/images menu_001j.jpg
2014.07.21 12:53 B Z:\1SriLanka\2NewHP\images\menu_001i.jpg --> ftp.dp12016968.lolipop.jp /test/postmail/tmpl/images menu_001i.jpg
2014.07.21 12:53 B Z:\1SriLanka\2NewHP\images\menu_001h.jpg --> ftp.dp12016968.lolipop.jp /test/postmail/tmpl/images menu_001h.jpg
2014.07.21 12:53 B Z:\1SriLanka\2NewHP\images\menu_001g.jpg --> ftp.dp12016968.lolipop.jp /test/postmail/tmpl/images menu_001g.jpg
2014.07.21 12:53 B Z:\1SriLanka\2NewHP\images\menu_001f.jpg --> ftp.dp12016968.lolipop.jp /test/postmail/tmpl/images menu_001f.jpg
2014.07.21 12:53 B Z:\1SriLanka\2NewHP\images\menu_001e.jpg --> ftp.dp12016968.lolipop.jp /test/postmail/tmpl/images menu_001e.jpg
2014.07.21 12:53 B Z:\1SriLanka\2NewHP\images\menu_001d.jpg --> ftp.dp12016968.lolipop.jp /test/postmail/tmpl/images menu_001d.jpg
2014.07.21 12:53 B Z:\1SriLanka\2NewHP\images\menu_001c.jpg --> ftp.dp12016968.lolipop.jp /test/postmail/tmpl/images menu_001c.jpg
2014.07.21 12:53 B Z:\1SriLanka\2NewHP\images\menu_001b.jpg --> ftp.dp12016968.lolipop.jp /test/postmail/tmpl/images menu_001b.jpg
2014.07.21 12:53 B Z:\1SriLanka\2NewHP\images\menu_001a.jpg --> ftp.dp12016968.lolipop.jp /test/postmail/tmpl/images menu_001a.jpg
2014.07.21 12:53 B Z:\1SriLanka\2NewHP\images\l01.gif --> ftp.dp12016968.lolipop.jp /test/postmail/tmpl/images l01.gif
2014.07.21 12:53 B Z:\1SriLanka\2NewHP\images\ishikawasama5.jpg --> ftp.dp12016968.lolipop.jp /test/postmail/tmpl/images ishikawasama5.jpg
2014.07.21 12:53 B Z:\1SriLanka\2NewHP\images\head_r1_c1.gif --> ftp.dp12016968.lolipop.jp /test/postmail/tmpl/images head_r1_c1.gif
2014.07.21 12:53 B Z:\1SriLanka\2NewHP\images\bk.gif --> ftp.dp12016968.lolipop.jp /test/postmail/tmpl/images bk.gif
2014.07.21 12:53 B Z:\1SriLanka\2NewHP\images\be3_468px_60pxs.gif --> ftp.dp12016968.lolipop.jp /test/postmail/tmpl/images be3_468px_60pxs.gif
2014.07.21 12:53 B Z:\1SriLanka\2NewHP\images\MitsukoOsaka.gif --> ftp.dp12016968.lolipop.jp /test/postmail/tmpl/images MitsukoOsaka.gif
2014.07.21 17:34 B Z:\1SriLanka\2NewHP\images\be3_468px_60pxs.gif --> ftp.dp12016968.lolipop.jp /test/images be3_468px_60pxs.gif
2014.07.21 17:34 B Z:\1SriLanka\2NewHP\images\bk.gif --> ftp.dp12016968.lolipop.jp /test/images bk.gif
2014.07.21 17:34 B Z:\1SriLanka\2NewHP\images\head_r1_c1.gif --> ftp.dp12016968.lolipop.jp /test/images head_r1_c1.gif
2014.07.21 17:34 B Z:\1SriLanka\2NewHP\images\ishikawasama5.jpg --> ftp.dp12016968.lolipop.jp /test/images ishikawasama5.jpg
2014.07.21 17:34 B Z:\1SriLanka\2NewHP\images\l01.gif --> ftp.dp12016968.lolipop.jp /test/images l01.gif
2014.07.21 17:34 B Z:\1SriLanka\2NewHP\images\menu_001a.jpg --> ftp.dp12016968.lolipop.jp /test/images menu_001a.jpg
2014.07.21 17:34 B Z:\1SriLanka\2NewHP\images\menu_001b.jpg --> ftp.dp12016968.lolipop.jp /test/images menu_001b.jpg
2014.07.21 17:34 B Z:\1SriLanka\2NewHP\images\menu_001c.jpg --> ftp.dp12016968.lolipop.jp /test/images menu_001c.jpg
2014.07.21 17:34 B Z:\1SriLanka\2NewHP\images\menu_001d.jpg --> ftp.dp12016968.lolipop.jp /test/images menu_001d.jpg
2014.07.21 17:34 B Z:\1SriLanka\2NewHP\images\menu_001e.jpg --> ftp.dp12016968.lolipop.jp /test/images menu_001e.jpg
2014.07.21 17:34 B Z:\1SriLanka\2NewHP\images\menu_001f.jpg --> ftp.dp12016968.lolipop.jp /test/images menu_001f.jpg
2014.07.21 17:34 B Z:\1SriLanka\2NewHP\images\menu_001g.jpg --> ftp.dp12016968.lolipop.jp /test/images menu_001g.jpg
2014.07.21 17:34 B Z:\1SriLanka\2NewHP\images\menu_001h.jpg --> ftp.dp12016968.lolipop.jp /test/images menu_001h.jpg
2014.07.21 17:34 B Z:\1SriLanka\2NewHP\images\menu_001i.jpg --> ftp.dp12016968.lolipop.jp /test/images menu_001i.jpg
2014.07.21 17:34 B Z:\1SriLanka\2NewHP\images\menu_001j.jpg --> ftp.dp12016968.lolipop.jp /test/images menu_001j.jpg
2014.07.21 17:34 B Z:\1SriLanka\2NewHP\images\menu_002a.jpg --> ftp.dp12016968.lolipop.jp /test/images menu_002a.jpg
2014.07.21 17:34 B Z:\1SriLanka\2NewHP\images\menu_002b.jpg --> ftp.dp12016968.lolipop.jp /test/images menu_002b.jpg
2014.07.21 17:34 B Z:\1SriLanka\2NewHP\images\menu_002c.jpg --> ftp.dp12016968.lolipop.jp /test/images menu_002c.jpg
2014.07.21 17:34 B Z:\1SriLanka\2NewHP\images\menu_002d.jpg --> ftp.dp12016968.lolipop.jp /test/images menu_002d.jpg
2014.07.21 17:34 B Z:\1SriLanka\2NewHP\images\menu_002e.jpg --> ftp.dp12016968.lolipop.jp /test/images menu_002e.jpg
2014.07.21 17:34 B Z:\1SriLanka\2NewHP\images\menu_002f.jpg --> ftp.dp12016968.lolipop.jp /test/images menu_002f.jpg
2014.07.21 17:34 B Z:\1SriLanka\2NewHP\images\menu_002g.jpg --> ftp.dp12016968.lolipop.jp /test/images menu_002g.jpg
2014.07.21 17:34 B Z:\1SriLanka\2NewHP\images\menu_002h.jpg --> ftp.dp12016968.lolipop.jp /test/images menu_002h.jpg
2014.07.21 17:34 B Z:\1SriLanka\2NewHP\images\menu_002i.jpg --> ftp.dp12016968.lolipop.jp /test/images menu_002i.jpg
2014.07.21 17:34 B Z:\1SriLanka\2NewHP\images\menu_002j.jpg --> ftp.dp12016968.lolipop.jp /test/images menu_002j.jpg
2014.07.21 17:34 B Z:\1SriLanka\2NewHP\images\menu_bk.jpg --> ftp.dp12016968.lolipop.jp /test/images menu_bk.jpg
2014.07.21 17:34 B Z:\1SriLanka\2NewHP\images\MitsukoOsaka.gif --> ftp.dp12016968.lolipop.jp /test/images MitsukoOsaka.gif
2014.07.21 17:34 B Z:\1SriLanka\2NewHP\images\new1.gif --> ftp.dp12016968.lolipop.jp /test/images new1.gif
2014.07.21 17:34 B Z:\1SriLanka\2NewHP\images\otsukasama6.jpg --> ftp.dp12016968.lolipop.jp /test/images otsukasama6.jpg
2014.07.21 17:34 B Z:\1SriLanka\2NewHP\images\sevena1.jpg --> ftp.dp12016968.lolipop.jp /test/images sevena1.jpg
2014.07.21 17:34 B Z:\1SriLanka\2NewHP\images\spacer.gif --> ftp.dp12016968.lolipop.jp /test/images spacer.gif
2014.07.21 17:34 B Z:\1SriLanka\2NewHP\images\Thumbs (1).db --> ftp.dp12016968.lolipop.jp /test/images Thumbs (1).db
2014.07.21 17:34 B Z:\1SriLanka\2NewHP\images\Thumbs.db --> ftp.dp12016968.lolipop.jp /test/images Thumbs.db
2014.07.21 17:34 B Z:\1SriLanka\2NewHP\images\top_0001a.jpg --> ftp.dp12016968.lolipop.jp /test/images top_0001a.jpg
2014.07.21 17:34 B Z:\1SriLanka\2NewHP\images\top_0001b.jpg --> ftp.dp12016968.lolipop.jp /test/images top_0001b.jpg
2014.07.21 17:34 B Z:\1SriLanka\2NewHP\images\top_0001c.jpg --> ftp.dp12016968.lolipop.jp /test/images top_0001c.jpg
2014.07.21 17:34 B Z:\1SriLanka\2NewHP\images\top_0001d.jpg --> ftp.dp12016968.lolipop.jp /test/images top_0001d.jpg
2014.07.21 17:34 B Z:\1SriLanka\2NewHP\images\top_0001e.jpg --> ftp.dp12016968.lolipop.jp /test/images top_0001e.jpg
2014.07.21 17:34 B Z:\1SriLanka\2NewHP\images\top_0002b.jpg --> ftp.dp12016968.lolipop.jp /test/images top_0002b.jpg
2014.07.21 17:34 B Z:\1SriLanka\2NewHP\images\top_0002c.jpg --> ftp.dp12016968.lolipop.jp /test/images top_0002c.jpg
2014.07.21 17:34 B Z:\1SriLanka\2NewHP\images\top_0002d.jpg --> ftp.dp12016968.lolipop.jp /test/images top_0002d.jpg
2014.07.21 17:34 B Z:\1SriLanka\2NewHP\images\top_0003a.jpg --> ftp.dp12016968.lolipop.jp /test/images top_0003a.jpg
2014.07.21 17:34 B Z:\1SriLanka\2NewHP\images\top_0003b.jpg --> ftp.dp12016968.lolipop.jp /test/images top_0003b.jpg
2014.07.21 17:34 B Z:\1SriLanka\2NewHP\images\top_0003c.jpg --> ftp.dp12016968.lolipop.jp /test/images top_0003c.jpg
2014.07.21 17:34 B Z:\1SriLanka\2NewHP\images\top_0003d.jpg --> ftp.dp12016968.lolipop.jp /test/images top_0003d.jpg
2014.07.21 17:34 B Z:\1SriLanka\2NewHP\images\top_0003e.jpg --> ftp.dp12016968.lolipop.jp /test/images top_0003e.jpg
2014.07.21 17:34 B Z:\1SriLanka\2NewHP\images\top_0003f.jpg --> ftp.dp12016968.lolipop.jp /test/images top_0003f.jpg
2014.07.21 17:34 B Z:\1SriLanka\2NewHP\images\top_0003g.jpg --> ftp.dp12016968.lolipop.jp /test/images top_0003g.jpg
2014.07.21 17:34 B Z:\1SriLanka\2NewHP\images\top_0003h.jpg --> ftp.dp12016968.lolipop.jp /test/images top_0003h.jpg
2014.07.21 17:34 B Z:\1SriLanka\2NewHP\images\top_0004b.jpg --> ftp.dp12016968.lolipop.jp /test/images top_0004b.jpg
2014.07.21 17:34 B Z:\1SriLanka\2NewHP\images\top_0004c.jpg --> ftp.dp12016968.lolipop.jp /test/images top_0004c.jpg
2014.07.21 17:34 B Z:\1SriLanka\2NewHP\images\top_0004d.jpg --> ftp.dp12016968.lolipop.jp /test/images top_0004d.jpg
2014.07.21 17:34 B Z:\1SriLanka\2NewHP\images\top_0004e.jpg --> ftp.dp12016968.lolipop.jp /test/images top_0004e.jpg
2014.07.21 17:34 B Z:\1SriLanka\2NewHP\images\top_0004f.jpg --> ftp.dp12016968.lolipop.jp /test/images top_0004f.jpg
2014.07.21 17:34 B Z:\1SriLanka\2NewHP\images\top_0004g.jpg --> ftp.dp12016968.lolipop.jp /test/images top_0004g.jpg
2014.07.21 17:34 B Z:\1SriLanka\2NewHP\images\top_0005a.jpg --> ftp.dp12016968.lolipop.jp /test/images top_0005a.jpg
2014.07.21 17:34 B Z:\1SriLanka\2NewHP\images\top_0005b.jpg --> ftp.dp12016968.lolipop.jp /test/images top_0005b.jpg
2014.07.21 17:34 B Z:\1SriLanka\2NewHP\images\top_0005c.jpg --> ftp.dp12016968.lolipop.jp /test/images top_0005c.jpg
2014.07.21 17:34 B Z:\1SriLanka\2NewHP\images\top_0005c01.jpg --> ftp.dp12016968.lolipop.jp /test/images top_0005c01.jpg
2014.07.21 17:34 B Z:\1SriLanka\2NewHP\images\top_0005d.jpg --> ftp.dp12016968.lolipop.jp /test/images top_0005d.jpg
2014.07.21 17:34 B Z:\1SriLanka\2NewHP\images\top_0005d01.jpg --> ftp.dp12016968.lolipop.jp /test/images top_0005d01.jpg
2014.07.21 17:34 B Z:\1SriLanka\2NewHP\images\top_0005e.jpg --> ftp.dp12016968.lolipop.jp /test/images top_0005e.jpg
2014.07.21 17:34 B Z:\1SriLanka\2NewHP\images\top_0005e01.jpg --> ftp.dp12016968.lolipop.jp /test/images top_0005e01.jpg
2014.07.21 17:34 B Z:\1SriLanka\2NewHP\images\top_0005f.jpg --> ftp.dp12016968.lolipop.jp /test/images top_0005f.jpg
2014.07.21 17:34 B Z:\1SriLanka\2NewHP\images\top_0006a.jpg --> ftp.dp12016968.lolipop.jp /test/images top_0006a.jpg
2014.07.21 17:34 B Z:\1SriLanka\2NewHP\images\top_0006b - コピー.jpg --> ftp.dp12016968.lolipop.jp /test/images top_0006b - コピー.jpg
2014.07.21 17:34 B Z:\1SriLanka\2NewHP\images\top_0006b.jpg --> ftp.dp12016968.lolipop.jp /test/images top_0006b.jpg
2014.07.21 17:34 B Z:\1SriLanka\2NewHP\images\top_0006b.psd --> ftp.dp12016968.lolipop.jp /test/images top_0006b.psd
2014.07.21 17:34 B Z:\1SriLanka\2NewHP\images\top_0006c.jpg --> ftp.dp12016968.lolipop.jp /test/images top_0006c.jpg
2014.07.21 17:34 B Z:\1SriLanka\2NewHP\images\top_0006d.jpg --> ftp.dp12016968.lolipop.jp /test/images top_0006d.jpg
2014.07.21 17:34 B Z:\1SriLanka\2NewHP\images\top_0006e.jpg --> ftp.dp12016968.lolipop.jp /test/images top_0006e.jpg
2014.07.21 17:34 B Z:\1SriLanka\2NewHP\images\top_0006f.jpg --> ftp.dp12016968.lolipop.jp /test/images top_0006f.jpg
2014.07.21 17:34 B Z:\1SriLanka\2NewHP\images\top_0006g.jpg --> ftp.dp12016968.lolipop.jp /test/images top_0006g.jpg
2014.07.21 17:34 B Z:\1SriLanka\2NewHP\images\top_0007a.jpg --> ftp.dp12016968.lolipop.jp /test/images top_0007a.jpg
2014.07.21 17:34 B Z:\1SriLanka\2NewHP\images\top_0007b - コピー.jpg --> ftp.dp12016968.lolipop.jp /test/images top_0007b - コピー.jpg
2014.07.21 17:34 B Z:\1SriLanka\2NewHP\images\top_0007b.jpg --> ftp.dp12016968.lolipop.jp /test/images top_0007b.jpg
2014.07.21 17:34 B Z:\1SriLanka\2NewHP\images\top_0007b.psd --> ftp.dp12016968.lolipop.jp /test/images top_0007b.psd
2014.07.21 17:34 B Z:\1SriLanka\2NewHP\images\top_0007c.jpg --> ftp.dp12016968.lolipop.jp /test/images top_0007c.jpg
2014.07.21 17:34 B Z:\1SriLanka\2NewHP\images\top_0007d.jpg --> ftp.dp12016968.lolipop.jp /test/images top_0007d.jpg
2014.07.21 17:34 B Z:\1SriLanka\2NewHP\images\top_0007e.jpg --> ftp.dp12016968.lolipop.jp /test/images top_0007e.jpg
2014.07.21 17:34 B Z:\1SriLanka\2NewHP\images\top_0007f.jpg --> ftp.dp12016968.lolipop.jp /test/images top_0007f.jpg
2014.07.21 17:34 B Z:\1SriLanka\2NewHP\images\top_0007g.jpg --> ftp.dp12016968.lolipop.jp /test/images top_0007g.jpg
2014.07.21 17:34 B Z:\1SriLanka\2NewHP\images\top_0008a.gif --> ftp.dp12016968.lolipop.jp /test/images top_0008a.gif
2014.07.21 17:34 B Z:\1SriLanka\2NewHP\images\top_0008b.gif --> ftp.dp12016968.lolipop.jp /test/images top_0008b.gif
2014.07.21 17:34 B Z:\1SriLanka\2NewHP\images\top_0008c.gif --> ftp.dp12016968.lolipop.jp /test/images top_0008c.gif
2014.07.21 17:34 B Z:\1SriLanka\2NewHP\images\top_0009a.gif --> ftp.dp12016968.lolipop.jp /test/images top_0009a.gif
2014.07.21 17:34 B Z:\1SriLanka\2NewHP\images\top_0009b.gif --> ftp.dp12016968.lolipop.jp /test/images top_0009b.gif
2014.07.21 17:34 B Z:\1SriLanka\2NewHP\images\top_0010.gif --> ftp.dp12016968.lolipop.jp /test/images top_0010.gif
2014.07.21 17:34 B Z:\1SriLanka\2NewHP\images\top_0011.gif --> ftp.dp12016968.lolipop.jp /test/images top_0011.gif
2014.07.21 17:34 B Z:\1SriLanka\2NewHP\images\yaji02.gif --> ftp.dp12016968.lolipop.jp /test/images yaji02.gif
2014.07.21 17:35 B Z:\1SriLanka\2NewHP\images\be3_468px_60pxs.gif --> ftp.dp12016968.lolipop.jp /test/postmail/images be3_468px_60pxs.gif
2014.07.21 17:35 B Z:\1SriLanka\2NewHP\images\bk.gif --> ftp.dp12016968.lolipop.jp /test/postmail/images bk.gif
2014.07.21 17:35 B Z:\1SriLanka\2NewHP\images\head_r1_c1.gif --> ftp.dp12016968.lolipop.jp /test/postmail/images head_r1_c1.gif
2014.07.21 17:35 B Z:\1SriLanka\2NewHP\images\ishikawasama5.jpg --> ftp.dp12016968.lolipop.jp /test/postmail/images ishikawasama5.jpg
2014.07.21 17:35 B Z:\1SriLanka\2NewHP\images\l01.gif --> ftp.dp12016968.lolipop.jp /test/postmail/images l01.gif
2014.07.21 17:35 B Z:\1SriLanka\2NewHP\images\menu_001a.jpg --> ftp.dp12016968.lolipop.jp /test/postmail/images menu_001a.jpg
2014.07.21 17:35 B Z:\1SriLanka\2NewHP\images\menu_001b.jpg --> ftp.dp12016968.lolipop.jp /test/postmail/images menu_001b.jpg
2014.07.21 17:35 B Z:\1SriLanka\2NewHP\images\menu_001c.jpg --> ftp.dp12016968.lolipop.jp /test/postmail/images menu_001c.jpg
2014.07.21 17:35 B Z:\1SriLanka\2NewHP\images\menu_001d.jpg --> ftp.dp12016968.lolipop.jp /test/postmail/images menu_001d.jpg
2014.07.21 17:35 B Z:\1SriLanka\2NewHP\images\menu_001e.jpg --> ftp.dp12016968.lolipop.jp /test/postmail/images menu_001e.jpg
2014.07.21 17:35 B Z:\1SriLanka\2NewHP\images\menu_001f.jpg --> ftp.dp12016968.lolipop.jp /test/postmail/images menu_001f.jpg
2014.07.21 17:35 B Z:\1SriLanka\2NewHP\images\menu_001g.jpg --> ftp.dp12016968.lolipop.jp /test/postmail/images menu_001g.jpg
2014.07.21 17:35 B Z:\1SriLanka\2NewHP\images\menu_001h.jpg --> ftp.dp12016968.lolipop.jp /test/postmail/images menu_001h.jpg
2014.07.21 17:35 B Z:\1SriLanka\2NewHP\images\menu_001i.jpg --> ftp.dp12016968.lolipop.jp /test/postmail/images menu_001i.jpg
2014.07.21 17:35 B Z:\1SriLanka\2NewHP\images\menu_001j.jpg --> ftp.dp12016968.lolipop.jp /test/postmail/images menu_001j.jpg
2014.07.21 17:35 B Z:\1SriLanka\2NewHP\images\menu_002a.jpg --> ftp.dp12016968.lolipop.jp /test/postmail/images menu_002a.jpg
2014.07.21 17:35 B Z:\1SriLanka\2NewHP\images\menu_002b.jpg --> ftp.dp12016968.lolipop.jp /test/postmail/images menu_002b.jpg
2014.07.21 17:35 B Z:\1SriLanka\2NewHP\images\menu_002c.jpg --> ftp.dp12016968.lolipop.jp /test/postmail/images menu_002c.jpg
2014.07.21 17:35 B Z:\1SriLanka\2NewHP\images\menu_002d.jpg --> ftp.dp12016968.lolipop.jp /test/postmail/images menu_002d.jpg
2014.07.21 17:35 B Z:\1SriLanka\2NewHP\images\menu_002e.jpg --> ftp.dp12016968.lolipop.jp /test/postmail/images menu_002e.jpg
2014.07.21 17:35 B Z:\1SriLanka\2NewHP\images\menu_002f.jpg --> ftp.dp12016968.lolipop.jp /test/postmail/images menu_002f.jpg
2014.07.21 17:35 B Z:\1SriLanka\2NewHP\images\menu_002g.jpg --> ftp.dp12016968.lolipop.jp /test/postmail/images menu_002g.jpg
2014.07.21 17:35 B Z:\1SriLanka\2NewHP\images\menu_002h.jpg --> ftp.dp12016968.lolipop.jp /test/postmail/images menu_002h.jpg
2014.07.21 17:35 B Z:\1SriLanka\2NewHP\images\menu_002i.jpg --> ftp.dp12016968.lolipop.jp /test/postmail/images menu_002i.jpg
2014.07.21 17:35 B Z:\1SriLanka\2NewHP\images\menu_002j.jpg --> ftp.dp12016968.lolipop.jp /test/postmail/images menu_002j.jpg
2014.07.21 17:35 B Z:\1SriLanka\2NewHP\images\menu_bk.jpg --> ftp.dp12016968.lolipop.jp /test/postmail/images menu_bk.jpg
2014.07.21 17:35 B Z:\1SriLanka\2NewHP\images\MitsukoOsaka.gif --> ftp.dp12016968.lolipop.jp /test/postmail/images MitsukoOsaka.gif
2014.07.21 17:35 B Z:\1SriLanka\2NewHP\images\new1.gif --> ftp.dp12016968.lolipop.jp /test/postmail/images new1.gif
2014.07.21 17:35 B Z:\1SriLanka\2NewHP\images\otsukasama6.jpg --> ftp.dp12016968.lolipop.jp /test/postmail/images otsukasama6.jpg
2014.07.21 17:35 B Z:\1SriLanka\2NewHP\images\sevena1.jpg --> ftp.dp12016968.lolipop.jp /test/postmail/images sevena1.jpg
2014.07.21 17:35 B Z:\1SriLanka\2NewHP\images\spacer.gif --> ftp.dp12016968.lolipop.jp /test/postmail/images spacer.gif
2014.07.21 17:35 B Z:\1SriLanka\2NewHP\images\Thumbs (1).db --> ftp.dp12016968.lolipop.jp /test/postmail/images Thumbs (1).db
2014.07.21 17:35 B Z:\1SriLanka\2NewHP\images\Thumbs.db --> ftp.dp12016968.lolipop.jp /test/postmail/images Thumbs.db
2014.07.21 17:35 B Z:\1SriLanka\2NewHP\images\top_0001a.jpg --> ftp.dp12016968.lolipop.jp /test/postmail/images top_0001a.jpg
2014.07.21 17:35 B Z:\1SriLanka\2NewHP\images\top_0001b.jpg --> ftp.dp12016968.lolipop.jp /test/postmail/images top_0001b.jpg
2014.07.21 17:35 B Z:\1SriLanka\2NewHP\images\top_0001c.jpg --> ftp.dp12016968.lolipop.jp /test/postmail/images top_0001c.jpg
2014.07.21 17:35 B Z:\1SriLanka\2NewHP\images\top_0001d.jpg --> ftp.dp12016968.lolipop.jp /test/postmail/images top_0001d.jpg
2014.07.21 17:35 B Z:\1SriLanka\2NewHP\images\top_0001e.jpg --> ftp.dp12016968.lolipop.jp /test/postmail/images top_0001e.jpg
2014.07.21 17:35 B Z:\1SriLanka\2NewHP\images\top_0002b.jpg --> ftp.dp12016968.lolipop.jp /test/postmail/images top_0002b.jpg
2014.07.21 17:35 B Z:\1SriLanka\2NewHP\images\top_0002c.jpg --> ftp.dp12016968.lolipop.jp /test/postmail/images top_0002c.jpg
2014.07.21 17:35 B Z:\1SriLanka\2NewHP\images\top_0002d.jpg --> ftp.dp12016968.lolipop.jp /test/postmail/images top_0002d.jpg
2014.07.21 17:35 B Z:\1SriLanka\2NewHP\images\top_0003a.jpg --> ftp.dp12016968.lolipop.jp /test/postmail/images top_0003a.jpg
2014.07.21 17:35 B Z:\1SriLanka\2NewHP\images\top_0003b.jpg --> ftp.dp12016968.lolipop.jp /test/postmail/images top_0003b.jpg
2014.07.21 17:35 B Z:\1SriLanka\2NewHP\images\top_0003c.jpg --> ftp.dp12016968.lolipop.jp /test/postmail/images top_0003c.jpg
2014.07.21 17:35 B Z:\1SriLanka\2NewHP\images\top_0003d.jpg --> ftp.dp12016968.lolipop.jp /test/postmail/images top_0003d.jpg
2014.07.21 17:35 B Z:\1SriLanka\2NewHP\images\top_0003e.jpg --> ftp.dp12016968.lolipop.jp /test/postmail/images top_0003e.jpg
2014.07.21 17:35 B Z:\1SriLanka\2NewHP\images\top_0003f.jpg --> ftp.dp12016968.lolipop.jp /test/postmail/images top_0003f.jpg
2014.07.21 17:35 B Z:\1SriLanka\2NewHP\images\top_0003g.jpg --> ftp.dp12016968.lolipop.jp /test/postmail/images top_0003g.jpg
2014.07.21 17:35 B Z:\1SriLanka\2NewHP\images\top_0003h.jpg --> ftp.dp12016968.lolipop.jp /test/postmail/images top_0003h.jpg
2014.07.21 17:35 B Z:\1SriLanka\2NewHP\images\top_0004b.jpg --> ftp.dp12016968.lolipop.jp /test/postmail/images top_0004b.jpg
2014.07.21 17:35 B Z:\1SriLanka\2NewHP\images\top_0004c.jpg --> ftp.dp12016968.lolipop.jp /test/postmail/images top_0004c.jpg
2014.07.21 17:35 B Z:\1SriLanka\2NewHP\images\top_0004d.jpg --> ftp.dp12016968.lolipop.jp /test/postmail/images top_0004d.jpg
2014.07.21 17:35 B Z:\1SriLanka\2NewHP\images\top_0004e.jpg --> ftp.dp12016968.lolipop.jp /test/postmail/images top_0004e.jpg
2014.07.21 17:35 B Z:\1SriLanka\2NewHP\images\top_0004f.jpg --> ftp.dp12016968.lolipop.jp /test/postmail/images top_0004f.jpg
2014.07.21 17:35 B Z:\1SriLanka\2NewHP\images\top_0004g.jpg --> ftp.dp12016968.lolipop.jp /test/postmail/images top_0004g.jpg
2014.07.21 17:35 B Z:\1SriLanka\2NewHP\images\top_0005a.jpg --> ftp.dp12016968.lolipop.jp /test/postmail/images top_0005a.jpg
2014.07.21 17:35 B Z:\1SriLanka\2NewHP\images\top_0005b.jpg --> ftp.dp12016968.lolipop.jp /test/postmail/images top_0005b.jpg
2014.07.21 17:35 B Z:\1SriLanka\2NewHP\images\top_0005c.jpg --> ftp.dp12016968.lolipop.jp /test/postmail/images top_0005c.jpg
2014.07.21 17:35 B Z:\1SriLanka\2NewHP\images\top_0005c01.jpg --> ftp.dp12016968.lolipop.jp /test/postmail/images top_0005c01.jpg
2014.07.21 17:35 B Z:\1SriLanka\2NewHP\images\top_0005d.jpg --> ftp.dp12016968.lolipop.jp /test/postmail/images top_0005d.jpg
2014.07.21 17:35 B Z:\1SriLanka\2NewHP\images\top_0005d01.jpg --> ftp.dp12016968.lolipop.jp /test/postmail/images top_0005d01.jpg
2014.07.21 17:35 B Z:\1SriLanka\2NewHP\images\top_0005e.jpg --> ftp.dp12016968.lolipop.jp /test/postmail/images top_0005e.jpg
2014.07.21 17:35 B Z:\1SriLanka\2NewHP\images\top_0005e01.jpg --> ftp.dp12016968.lolipop.jp /test/postmail/images top_0005e01.jpg
2014.07.21 17:35 B Z:\1SriLanka\2NewHP\images\top_0005f.jpg --> ftp.dp12016968.lolipop.jp /test/postmail/images top_0005f.jpg
2014.07.21 17:35 B Z:\1SriLanka\2NewHP\images\top_0006a.jpg --> ftp.dp12016968.lolipop.jp /test/postmail/images top_0006a.jpg
2014.07.21 17:35 B Z:\1SriLanka\2NewHP\images\top_0006b - コピー.jpg --> ftp.dp12016968.lolipop.jp /test/postmail/images top_0006b - コピー.jpg
2014.07.21 17:35 B Z:\1SriLanka\2NewHP\images\top_0006b.jpg --> ftp.dp12016968.lolipop.jp /test/postmail/images top_0006b.jpg
2014.07.21 17:35 B Z:\1SriLanka\2NewHP\images\top_0006b.psd --> ftp.dp12016968.lolipop.jp /test/postmail/images top_0006b.psd
2014.07.21 17:35 B Z:\1SriLanka\2NewHP\images\top_0006c.jpg --> ftp.dp12016968.lolipop.jp /test/postmail/images top_0006c.jpg
2014.07.21 17:35 B Z:\1SriLanka\2NewHP\images\top_0006d.jpg --> ftp.dp12016968.lolipop.jp /test/postmail/images top_0006d.jpg
2014.07.21 17:35 B Z:\1SriLanka\2NewHP\images\top_0006e.jpg --> ftp.dp12016968.lolipop.jp /test/postmail/images top_0006e.jpg
2014.07.21 17:35 B Z:\1SriLanka\2NewHP\images\top_0006f.jpg --> ftp.dp12016968.lolipop.jp /test/postmail/images top_0006f.jpg
2014.07.21 17:35 B Z:\1SriLanka\2NewHP\images\top_0006g.jpg --> ftp.dp12016968.lolipop.jp /test/postmail/images top_0006g.jpg
2014.07.21 17:35 B Z:\1SriLanka\2NewHP\images\top_0007a.jpg --> ftp.dp12016968.lolipop.jp /test/postmail/images top_0007a.jpg
2014.07.21 17:35 B Z:\1SriLanka\2NewHP\images\top_0007b - コピー.jpg --> ftp.dp12016968.lolipop.jp /test/postmail/images top_0007b - コピー.jpg
2014.07.21 17:35 B Z:\1SriLanka\2NewHP\images\top_0007b.jpg --> ftp.dp12016968.lolipop.jp /test/postmail/images top_0007b.jpg
2014.07.21 17:35 B Z:\1SriLanka\2NewHP\images\top_0007b.psd --> ftp.dp12016968.lolipop.jp /test/postmail/images top_0007b.psd
2014.07.21 17:35 B Z:\1SriLanka\2NewHP\images\top_0007c.jpg --> ftp.dp12016968.lolipop.jp /test/postmail/images top_0007c.jpg
2014.07.21 17:35 B Z:\1SriLanka\2NewHP\images\top_0007d.jpg --> ftp.dp12016968.lolipop.jp /test/postmail/images top_0007d.jpg
2014.07.21 17:35 B Z:\1SriLanka\2NewHP\images\top_0007e.jpg --> ftp.dp12016968.lolipop.jp /test/postmail/images top_0007e.jpg
2014.07.21 17:35 B Z:\1SriLanka\2NewHP\images\top_0007f.jpg --> ftp.dp12016968.lolipop.jp /test/postmail/images top_0007f.jpg
2014.07.21 17:35 B Z:\1SriLanka\2NewHP\images\top_0007g.jpg --> ftp.dp12016968.lolipop.jp /test/postmail/images top_0007g.jpg
2014.07.21 17:35 B Z:\1SriLanka\2NewHP\images\top_0008a.gif --> ftp.dp12016968.lolipop.jp /test/postmail/images top_0008a.gif
2014.07.21 17:35 B Z:\1SriLanka\2NewHP\images\top_0008b.gif --> ftp.dp12016968.lolipop.jp /test/postmail/images top_0008b.gif
2014.07.21 17:35 B Z:\1SriLanka\2NewHP\images\top_0008c.gif --> ftp.dp12016968.lolipop.jp /test/postmail/images top_0008c.gif
2014.07.21 17:35 B Z:\1SriLanka\2NewHP\images\top_0009a.gif --> ftp.dp12016968.lolipop.jp /test/postmail/images top_0009a.gif
2014.07.21 17:35 B Z:\1SriLanka\2NewHP\images\top_0009b.gif --> ftp.dp12016968.lolipop.jp /test/postmail/images top_0009b.gif
2014.07.21 17:35 B Z:\1SriLanka\2NewHP\images\top_0010.gif --> ftp.dp12016968.lolipop.jp /test/postmail/images top_0010.gif
2014.07.21 17:35 B Z:\1SriLanka\2NewHP\images\top_0011.gif --> ftp.dp12016968.lolipop.jp /test/postmail/images top_0011.gif
2014.07.21 17:35 B Z:\1SriLanka\2NewHP\images\yaji02.gif --> ftp.dp12016968.lolipop.jp /test/postmail/images yaji02.gif
2014.07.21 22:08 B Z:\1SriLanka\2NewHP\images\MitsukoOsaka.gif --> ftp.dp12016968.lolipop.jp /test/postmail/images MitsukoOsaka.gif
2014.07.21 22:08 B Z:\1SriLanka\2NewHP\images\be3_468px_60pxs.gif --> ftp.dp12016968.lolipop.jp /test/postmail/images be3_468px_60pxs.gif
2014.07.21 22:08 B Z:\1SriLanka\2NewHP\images\bk.gif --> ftp.dp12016968.lolipop.jp /test/postmail/images bk.gif
2014.07.21 22:08 B Z:\1SriLanka\2NewHP\images\head_r1_c1.gif --> ftp.dp12016968.lolipop.jp /test/postmail/images head_r1_c1.gif
2014.07.21 22:08 B Z:\1SriLanka\2NewHP\images\ishikawasama5.jpg --> ftp.dp12016968.lolipop.jp /test/postmail/images ishikawasama5.jpg
2014.07.21 22:08 B Z:\1SriLanka\2NewHP\images\l01.gif --> ftp.dp12016968.lolipop.jp /test/postmail/images l01.gif
2014.07.21 22:08 B Z:\1SriLanka\2NewHP\images\menu_001a.jpg --> ftp.dp12016968.lolipop.jp /test/postmail/images menu_001a.jpg
2014.07.21 22:08 B Z:\1SriLanka\2NewHP\images\menu_001b.jpg --> ftp.dp12016968.lolipop.jp /test/postmail/images menu_001b.jpg
2014.07.21 22:08 B Z:\1SriLanka\2NewHP\images\menu_001c.jpg --> ftp.dp12016968.lolipop.jp /test/postmail/images menu_001c.jpg
2014.07.21 22:08 B Z:\1SriLanka\2NewHP\images\menu_001d.jpg --> ftp.dp12016968.lolipop.jp /test/postmail/images menu_001d.jpg
2014.07.21 22:08 B Z:\1SriLanka\2NewHP\images\menu_001e.jpg --> ftp.dp12016968.lolipop.jp /test/postmail/images menu_001e.jpg
2014.07.21 22:08 B Z:\1SriLanka\2NewHP\images\menu_001f.jpg --> ftp.dp12016968.lolipop.jp /test/postmail/images menu_001f.jpg
2014.07.21 22:08 B Z:\1SriLanka\2NewHP\images\menu_001g.jpg --> ftp.dp12016968.lolipop.jp /test/postmail/images menu_001g.jpg
2014.07.21 22:08 B Z:\1SriLanka\2NewHP\images\menu_001h.jpg --> ftp.dp12016968.lolipop.jp /test/postmail/images menu_001h.jpg
2014.07.21 22:08 B Z:\1SriLanka\2NewHP\images\menu_001i.jpg --> ftp.dp12016968.lolipop.jp /test/postmail/images menu_001i.jpg
2014.07.21 22:08 B Z:\1SriLanka\2NewHP\images\menu_001j.jpg --> ftp.dp12016968.lolipop.jp /test/postmail/images menu_001j.jpg
2014.07.21 22:08 B Z:\1SriLanka\2NewHP\images\menu_002a.jpg --> ftp.dp12016968.lolipop.jp /test/postmail/images menu_002a.jpg
2014.07.21 22:08 B Z:\1SriLanka\2NewHP\images\menu_002b.jpg --> ftp.dp12016968.lolipop.jp /test/postmail/images menu_002b.jpg
2014.07.21 22:08 B Z:\1SriLanka\2NewHP\images\menu_002c.jpg --> ftp.dp12016968.lolipop.jp /test/postmail/images menu_002c.jpg
2014.07.21 22:08 B Z:\1SriLanka\2NewHP\images\menu_002d.jpg --> ftp.dp12016968.lolipop.jp /test/postmail/images menu_002d.jpg
2014.07.21 22:08 B Z:\1SriLanka\2NewHP\images\menu_002e.jpg --> ftp.dp12016968.lolipop.jp /test/postmail/images menu_002e.jpg
2014.07.21 22:08 B Z:\1SriLanka\2NewHP\images\menu_002f.jpg --> ftp.dp12016968.lolipop.jp /test/postmail/images menu_002f.jpg
2014.07.21 22:08 B Z:\1SriLanka\2NewHP\images\menu_002g.jpg --> ftp.dp12016968.lolipop.jp /test/postmail/images menu_002g.jpg
2014.07.21 22:08 B Z:\1SriLanka\2NewHP\images\menu_002h.jpg --> ftp.dp12016968.lolipop.jp /test/postmail/images menu_002h.jpg
2014.07.21 22:08 B Z:\1SriLanka\2NewHP\images\menu_002i.jpg --> ftp.dp12016968.lolipop.jp /test/postmail/images menu_002i.jpg
2014.07.21 22:08 B Z:\1SriLanka\2NewHP\images\menu_002j.jpg --> ftp.dp12016968.lolipop.jp /test/postmail/images menu_002j.jpg
2014.07.21 22:08 B Z:\1SriLanka\2NewHP\images\menu_bk.jpg --> ftp.dp12016968.lolipop.jp /test/postmail/images menu_bk.jpg
2014.07.21 22:08 B Z:\1SriLanka\2NewHP\images\new1.gif --> ftp.dp12016968.lolipop.jp /test/postmail/images new1.gif
2014.07.21 22:08 B Z:\1SriLanka\2NewHP\images\otsukasama6.jpg --> ftp.dp12016968.lolipop.jp /test/postmail/images otsukasama6.jpg
2014.07.21 22:08 B Z:\1SriLanka\2NewHP\images\sevena1.jpg --> ftp.dp12016968.lolipop.jp /test/postmail/images sevena1.jpg
2014.07.21 22:08 B Z:\1SriLanka\2NewHP\images\spacer.gif --> ftp.dp12016968.lolipop.jp /test/postmail/images spacer.gif
2014.07.21 22:08 B Z:\1SriLanka\2NewHP\images\top_0001a.jpg --> ftp.dp12016968.lolipop.jp /test/postmail/images top_0001a.jpg
2014.07.21 22:08 B Z:\1SriLanka\2NewHP\images\top_0001b.jpg --> ftp.dp12016968.lolipop.jp /test/postmail/images top_0001b.jpg
2014.07.21 22:08 B Z:\1SriLanka\2NewHP\images\top_0001c.jpg --> ftp.dp12016968.lolipop.jp /test/postmail/images top_0001c.jpg
2014.07.21 22:08 B Z:\1SriLanka\2NewHP\images\top_0001d.jpg --> ftp.dp12016968.lolipop.jp /test/postmail/images top_0001d.jpg
2014.07.21 22:08 B Z:\1SriLanka\2NewHP\images\top_0001e.jpg --> ftp.dp12016968.lolipop.jp /test/postmail/images top_0001e.jpg
2014.07.21 22:08 B Z:\1SriLanka\2NewHP\images\top_0002b.jpg --> ftp.dp12016968.lolipop.jp /test/postmail/images top_0002b.jpg
2014.07.21 22:08 B Z:\1SriLanka\2NewHP\images\top_0002c.jpg --> ftp.dp12016968.lolipop.jp /test/postmail/images top_0002c.jpg
2014.07.21 22:08 B Z:\1SriLanka\2NewHP\images\top_0002d.jpg --> ftp.dp12016968.lolipop.jp /test/postmail/images top_0002d.jpg
2014.07.21 22:08 B Z:\1SriLanka\2NewHP\images\top_0003a.jpg --> ftp.dp12016968.lolipop.jp /test/postmail/images top_0003a.jpg
2014.07.21 22:08 B Z:\1SriLanka\2NewHP\images\top_0003b.jpg --> ftp.dp12016968.lolipop.jp /test/postmail/images top_0003b.jpg
2014.07.21 22:08 B Z:\1SriLanka\2NewHP\images\top_0003c.jpg --> ftp.dp12016968.lolipop.jp /test/postmail/images top_0003c.jpg
2014.07.21 22:08 B Z:\1SriLanka\2NewHP\images\top_0003d.jpg --> ftp.dp12016968.lolipop.jp /test/postmail/images top_0003d.jpg
2014.07.21 22:08 B Z:\1SriLanka\2NewHP\images\top_0003e.jpg --> ftp.dp12016968.lolipop.jp /test/postmail/images top_0003e.jpg
2014.07.21 22:08 B Z:\1SriLanka\2NewHP\images\top_0003f.jpg --> ftp.dp12016968.lolipop.jp /test/postmail/images top_0003f.jpg
2014.07.21 22:08 B Z:\1SriLanka\2NewHP\images\top_0003g.jpg --> ftp.dp12016968.lolipop.jp /test/postmail/images top_0003g.jpg
2014.07.21 22:08 B Z:\1SriLanka\2NewHP\images\top_0003h.jpg --> ftp.dp12016968.lolipop.jp /test/postmail/images top_0003h.jpg
2014.07.21 22:08 B Z:\1SriLanka\2NewHP\images\top_0004b.jpg --> ftp.dp12016968.lolipop.jp /test/postmail/images top_0004b.jpg
2014.07.21 22:08 B Z:\1SriLanka\2NewHP\images\top_0004c.jpg --> ftp.dp12016968.lolipop.jp /test/postmail/images top_0004c.jpg
2014.07.21 22:08 B Z:\1SriLanka\2NewHP\images\top_0004d.jpg --> ftp.dp12016968.lolipop.jp /test/postmail/images top_0004d.jpg
2014.07.21 22:08 B Z:\1SriLanka\2NewHP\images\top_0004e.jpg --> ftp.dp12016968.lolipop.jp /test/postmail/images top_0004e.jpg
2014.07.21 22:08 B Z:\1SriLanka\2NewHP\images\top_0004f.jpg --> ftp.dp12016968.lolipop.jp /test/postmail/images top_0004f.jpg
2014.07.21 22:08 B Z:\1SriLanka\2NewHP\images\top_0004g.jpg --> ftp.dp12016968.lolipop.jp /test/postmail/images top_0004g.jpg
2014.07.21 22:08 B Z:\1SriLanka\2NewHP\images\top_0005a.jpg --> ftp.dp12016968.lolipop.jp /test/postmail/images top_0005a.jpg
2014.07.21 22:08 B Z:\1SriLanka\2NewHP\images\top_0005b.jpg --> ftp.dp12016968.lolipop.jp /test/postmail/images top_0005b.jpg
2014.07.21 22:08 B Z:\1SriLanka\2NewHP\images\top_0005c.jpg --> ftp.dp12016968.lolipop.jp /test/postmail/images top_0005c.jpg
2014.07.21 22:08 B Z:\1SriLanka\2NewHP\images\top_0005c01.jpg --> ftp.dp12016968.lolipop.jp /test/postmail/images top_0005c01.jpg
2014.07.21 22:08 B Z:\1SriLanka\2NewHP\images\top_0005d.jpg --> ftp.dp12016968.lolipop.jp /test/postmail/images top_0005d.jpg
2014.07.21 22:08 B Z:\1SriLanka\2NewHP\images\top_0005d01.jpg --> ftp.dp12016968.lolipop.jp /test/postmail/images top_0005d01.jpg
2014.07.21 22:08 B Z:\1SriLanka\2NewHP\images\top_0005e.jpg --> ftp.dp12016968.lolipop.jp /test/postmail/images top_0005e.jpg
2014.07.21 22:08 B Z:\1SriLanka\2NewHP\images\top_0005e01.jpg --> ftp.dp12016968.lolipop.jp /test/postmail/images top_0005e01.jpg
2014.07.21 22:08 B Z:\1SriLanka\2NewHP\images\top_0005f.jpg --> ftp.dp12016968.lolipop.jp /test/postmail/images top_0005f.jpg
2014.07.21 22:08 B Z:\1SriLanka\2NewHP\images\top_0006a.jpg --> ftp.dp12016968.lolipop.jp /test/postmail/images top_0006a.jpg
2014.07.21 22:08 B Z:\1SriLanka\2NewHP\images\top_0006b - コピー.jpg --> ftp.dp12016968.lolipop.jp /test/postmail/images top_0006b - コピー.jpg
2014.07.21 22:08 B Z:\1SriLanka\2NewHP\images\top_0006c.jpg --> ftp.dp12016968.lolipop.jp /test/postmail/images top_0006c.jpg
2014.07.21 22:08 B Z:\1SriLanka\2NewHP\images\top_0006d.jpg --> ftp.dp12016968.lolipop.jp /test/postmail/images top_0006d.jpg
2014.07.21 22:08 B Z:\1SriLanka\2NewHP\images\top_0006e.jpg --> ftp.dp12016968.lolipop.jp /test/postmail/images top_0006e.jpg
2014.07.21 22:08 B Z:\1SriLanka\2NewHP\images\top_0006f.jpg --> ftp.dp12016968.lolipop.jp /test/postmail/images top_0006f.jpg
2014.07.21 22:08 B Z:\1SriLanka\2NewHP\images\top_0006g.jpg --> ftp.dp12016968.lolipop.jp /test/postmail/images top_0006g.jpg
2014.07.21 22:08 B Z:\1SriLanka\2NewHP\images\top_0007a.jpg --> ftp.dp12016968.lolipop.jp /test/postmail/images top_0007a.jpg
2014.07.21 22:08 B Z:\1SriLanka\2NewHP\images\top_0007b - コピー.jpg --> ftp.dp12016968.lolipop.jp /test/postmail/images top_0007b - コピー.jpg
2014.07.21 22:08 B Z:\1SriLanka\2NewHP\images\top_0007c.jpg --> ftp.dp12016968.lolipop.jp /test/postmail/images top_0007c.jpg
2014.07.21 22:08 B Z:\1SriLanka\2NewHP\images\top_0007d.jpg --> ftp.dp12016968.lolipop.jp /test/postmail/images top_0007d.jpg
2014.07.21 22:08 B Z:\1SriLanka\2NewHP\images\top_0007e.jpg --> ftp.dp12016968.lolipop.jp /test/postmail/images top_0007e.jpg
2014.07.21 22:08 B Z:\1SriLanka\2NewHP\images\top_0007f.jpg --> ftp.dp12016968.lolipop.jp /test/postmail/images top_0007f.jpg
2014.07.21 22:08 B Z:\1SriLanka\2NewHP\images\top_0007g.jpg --> ftp.dp12016968.lolipop.jp /test/postmail/images top_0007g.jpg
2014.07.21 22:08 B Z:\1SriLanka\2NewHP\images\top_0008a.gif --> ftp.dp12016968.lolipop.jp /test/postmail/images top_0008a.gif
2014.07.21 22:08 B Z:\1SriLanka\2NewHP\images\top_0008b.gif --> ftp.dp12016968.lolipop.jp /test/postmail/images top_0008b.gif
2014.07.21 22:08 B Z:\1SriLanka\2NewHP\images\top_0008c.gif --> ftp.dp12016968.lolipop.jp /test/postmail/images top_0008c.gif
2014.07.21 22:08 B Z:\1SriLanka\2NewHP\images\top_0009a.gif --> ftp.dp12016968.lolipop.jp /test/postmail/images top_0009a.gif
2014.07.21 22:08 B Z:\1SriLanka\2NewHP\images\top_0009b.gif --> ftp.dp12016968.lolipop.jp /test/postmail/images top_0009b.gif
2014.07.21 22:08 B Z:\1SriLanka\2NewHP\images\top_0010.gif --> ftp.dp12016968.lolipop.jp /test/postmail/images top_0010.gif
2014.07.21 22:08 B Z:\1SriLanka\2NewHP\images\top_0011.gif --> ftp.dp12016968.lolipop.jp /test/postmail/images top_0011.gif
2014.07.21 22:08 B Z:\1SriLanka\2NewHP\images\yaji02.gif --> ftp.dp12016968.lolipop.jp /test/postmail/images yaji02.gif
2014.07.21 22:08 B Z:\1SriLanka\2NewHP\images\Thumbs (1).db --> ftp.dp12016968.lolipop.jp /test/postmail/images Thumbs (1).db
2014.07.21 22:08 B Z:\1SriLanka\2NewHP\images\top_0006b.jpg --> ftp.dp12016968.lolipop.jp /test/postmail/images top_0006b.jpg
2014.07.21 22:08 B Z:\1SriLanka\2NewHP\images\top_0007b.jpg --> ftp.dp12016968.lolipop.jp /test/postmail/images top_0007b.jpg
2014.07.21 22:08 B Z:\1SriLanka\2NewHP\images\top_0006b.psd --> ftp.dp12016968.lolipop.jp /test/postmail/images top_0006b.psd
2014.07.21 22:08 B Z:\1SriLanka\2NewHP\images\top_0007b.psd --> ftp.dp12016968.lolipop.jp /test/postmail/images top_0007b.psd
2014.07.21 23:03 B Z:\1SriLanka\2NewHP\images\be3_468px_60pxs.gif --> ftp.dp12016968.lolipop.jp /postmail/images be3_468px_60pxs.gif
2014.07.21 23:03 B Z:\1SriLanka\2NewHP\images\bk.gif --> ftp.dp12016968.lolipop.jp /postmail/images bk.gif
2014.07.21 23:03 B Z:\1SriLanka\2NewHP\images\head_r1_c1.gif --> ftp.dp12016968.lolipop.jp /postmail/images head_r1_c1.gif
2014.07.21 23:03 B Z:\1SriLanka\2NewHP\images\ishikawasama5.jpg --> ftp.dp12016968.lolipop.jp /postmail/images ishikawasama5.jpg
2014.07.21 23:03 B Z:\1SriLanka\2NewHP\images\l01.gif --> ftp.dp12016968.lolipop.jp /postmail/images l01.gif
2014.07.21 23:04 B Z:\1SriLanka\2NewHP\images\menu_001a.jpg --> ftp.dp12016968.lolipop.jp /postmail/images menu_001a.jpg
2014.07.21 23:04 B Z:\1SriLanka\2NewHP\images\menu_001b.jpg --> ftp.dp12016968.lolipop.jp /postmail/images menu_001b.jpg
2014.07.21 23:04 B Z:\1SriLanka\2NewHP\images\menu_001c.jpg --> ftp.dp12016968.lolipop.jp /postmail/images menu_001c.jpg
2014.07.21 23:04 B Z:\1SriLanka\2NewHP\images\menu_001d.jpg --> ftp.dp12016968.lolipop.jp /postmail/images menu_001d.jpg
2014.07.21 23:04 B Z:\1SriLanka\2NewHP\images\menu_001e.jpg --> ftp.dp12016968.lolipop.jp /postmail/images menu_001e.jpg
2014.07.21 23:04 B Z:\1SriLanka\2NewHP\images\menu_001f.jpg --> ftp.dp12016968.lolipop.jp /postmail/images menu_001f.jpg
2014.07.21 23:04 B Z:\1SriLanka\2NewHP\images\menu_001g.jpg --> ftp.dp12016968.lolipop.jp /postmail/images menu_001g.jpg
2014.07.21 23:04 B Z:\1SriLanka\2NewHP\images\menu_001h.jpg --> ftp.dp12016968.lolipop.jp /postmail/images menu_001h.jpg
2014.07.21 23:04 B Z:\1SriLanka\2NewHP\images\menu_001i.jpg --> ftp.dp12016968.lolipop.jp /postmail/images menu_001i.jpg
2014.07.21 23:04 B Z:\1SriLanka\2NewHP\images\menu_001j.jpg --> ftp.dp12016968.lolipop.jp /postmail/images menu_001j.jpg
2014.07.21 23:04 B Z:\1SriLanka\2NewHP\images\menu_002a.jpg --> ftp.dp12016968.lolipop.jp /postmail/images menu_002a.jpg
2014.07.21 23:04 B Z:\1SriLanka\2NewHP\images\menu_002b.jpg --> ftp.dp12016968.lolipop.jp /postmail/images menu_002b.jpg
2014.07.21 23:04 B Z:\1SriLanka\2NewHP\images\menu_002c.jpg --> ftp.dp12016968.lolipop.jp /postmail/images menu_002c.jpg
2014.07.21 23:04 B Z:\1SriLanka\2NewHP\images\menu_002d.jpg --> ftp.dp12016968.lolipop.jp /postmail/images menu_002d.jpg
2014.07.21 23:04 B Z:\1SriLanka\2NewHP\images\menu_002e.jpg --> ftp.dp12016968.lolipop.jp /postmail/images menu_002e.jpg
2014.07.21 23:04 B Z:\1SriLanka\2NewHP\images\menu_002f.jpg --> ftp.dp12016968.lolipop.jp /postmail/images menu_002f.jpg
2014.07.21 23:04 B Z:\1SriLanka\2NewHP\images\menu_002g.jpg --> ftp.dp12016968.lolipop.jp /postmail/images menu_002g.jpg
2014.07.21 23:04 B Z:\1SriLanka\2NewHP\images\menu_002h.jpg --> ftp.dp12016968.lolipop.jp /postmail/images menu_002h.jpg
2014.07.21 23:04 B Z:\1SriLanka\2NewHP\images\menu_002i.jpg --> ftp.dp12016968.lolipop.jp /postmail/images menu_002i.jpg
2014.07.21 23:04 B Z:\1SriLanka\2NewHP\images\menu_002j.jpg --> ftp.dp12016968.lolipop.jp /postmail/images menu_002j.jpg
2014.07.21 23:04 B Z:\1SriLanka\2NewHP\images\menu_bk.jpg --> ftp.dp12016968.lolipop.jp /postmail/images menu_bk.jpg
2014.07.21 23:04 B Z:\1SriLanka\2NewHP\images\MitsukoOsaka.gif --> ftp.dp12016968.lolipop.jp /postmail/images MitsukoOsaka.gif
2014.07.21 23:04 B Z:\1SriLanka\2NewHP\images\new1.gif --> ftp.dp12016968.lolipop.jp /postmail/images new1.gif
2014.07.21 23:04 B Z:\1SriLanka\2NewHP\images\otsukasama6.jpg --> ftp.dp12016968.lolipop.jp /postmail/images otsukasama6.jpg
2014.07.21 23:04 B Z:\1SriLanka\2NewHP\images\sevena1.jpg --> ftp.dp12016968.lolipop.jp /postmail/images sevena1.jpg
2014.07.21 23:04 B Z:\1SriLanka\2NewHP\images\spacer.gif --> ftp.dp12016968.lolipop.jp /postmail/images spacer.gif
2014.07.21 23:04 B Z:\1SriLanka\2NewHP\images\Thumbs (1).db --> ftp.dp12016968.lolipop.jp /postmail/images Thumbs (1).db
2014.07.21 23:04 B Z:\1SriLanka\2NewHP\images\Thumbs.db --> ftp.dp12016968.lolipop.jp /postmail/images Thumbs.db
2014.07.21 23:04 B Z:\1SriLanka\2NewHP\images\top_0001a.jpg --> ftp.dp12016968.lolipop.jp /postmail/images top_0001a.jpg
2014.07.21 23:04 B Z:\1SriLanka\2NewHP\images\top_0001b.jpg --> ftp.dp12016968.lolipop.jp /postmail/images top_0001b.jpg
2014.07.21 23:04 B Z:\1SriLanka\2NewHP\images\top_0001c.jpg --> ftp.dp12016968.lolipop.jp /postmail/images top_0001c.jpg
2014.07.21 23:04 B Z:\1SriLanka\2NewHP\images\top_0001d.jpg --> ftp.dp12016968.lolipop.jp /postmail/images top_0001d.jpg
2014.07.21 23:04 B Z:\1SriLanka\2NewHP\images\top_0001e.jpg --> ftp.dp12016968.lolipop.jp /postmail/images top_0001e.jpg
2014.07.21 23:04 B Z:\1SriLanka\2NewHP\images\top_0002b.jpg --> ftp.dp12016968.lolipop.jp /postmail/images top_0002b.jpg
2014.07.21 23:04 B Z:\1SriLanka\2NewHP\images\top_0002c.jpg --> ftp.dp12016968.lolipop.jp /postmail/images top_0002c.jpg
2014.07.21 23:04 B Z:\1SriLanka\2NewHP\images\top_0002d.jpg --> ftp.dp12016968.lolipop.jp /postmail/images top_0002d.jpg
2014.07.21 23:04 B Z:\1SriLanka\2NewHP\images\top_0003a.jpg --> ftp.dp12016968.lolipop.jp /postmail/images top_0003a.jpg
2014.07.21 23:04 B Z:\1SriLanka\2NewHP\images\top_0003b.jpg --> ftp.dp12016968.lolipop.jp /postmail/images top_0003b.jpg
2014.07.21 23:04 B Z:\1SriLanka\2NewHP\images\top_0003c.jpg --> ftp.dp12016968.lolipop.jp /postmail/images top_0003c.jpg
2014.07.21 23:04 B Z:\1SriLanka\2NewHP\images\top_0003d.jpg --> ftp.dp12016968.lolipop.jp /postmail/images top_0003d.jpg
2014.07.21 23:04 B Z:\1SriLanka\2NewHP\images\top_0003e.jpg --> ftp.dp12016968.lolipop.jp /postmail/images top_0003e.jpg
2014.07.21 23:04 B Z:\1SriLanka\2NewHP\images\top_0003f.jpg --> ftp.dp12016968.lolipop.jp /postmail/images top_0003f.jpg
2014.07.21 23:04 B Z:\1SriLanka\2NewHP\images\top_0003g.jpg --> ftp.dp12016968.lolipop.jp /postmail/images top_0003g.jpg
2014.07.21 23:04 B Z:\1SriLanka\2NewHP\images\top_0003h.jpg --> ftp.dp12016968.lolipop.jp /postmail/images top_0003h.jpg
2014.07.21 23:04 B Z:\1SriLanka\2NewHP\images\top_0004b.jpg --> ftp.dp12016968.lolipop.jp /postmail/images top_0004b.jpg
2014.07.21 23:04 B Z:\1SriLanka\2NewHP\images\top_0004c.jpg --> ftp.dp12016968.lolipop.jp /postmail/images top_0004c.jpg
2014.07.21 23:04 B Z:\1SriLanka\2NewHP\images\top_0004d.jpg --> ftp.dp12016968.lolipop.jp /postmail/images top_0004d.jpg
2014.07.21 23:04 B Z:\1SriLanka\2NewHP\images\top_0004e.jpg --> ftp.dp12016968.lolipop.jp /postmail/images top_0004e.jpg
2014.07.21 23:04 B Z:\1SriLanka\2NewHP\images\top_0004f.jpg --> ftp.dp12016968.lolipop.jp /postmail/images top_0004f.jpg
2014.07.21 23:04 B Z:\1SriLanka\2NewHP\images\top_0004g.jpg --> ftp.dp12016968.lolipop.jp /postmail/images top_0004g.jpg
2014.07.21 23:04 B Z:\1SriLanka\2NewHP\images\top_0005a.jpg --> ftp.dp12016968.lolipop.jp /postmail/images top_0005a.jpg
2014.07.21 23:04 B Z:\1SriLanka\2NewHP\images\top_0005b.jpg --> ftp.dp12016968.lolipop.jp /postmail/images top_0005b.jpg
2014.07.21 23:04 B Z:\1SriLanka\2NewHP\images\top_0005c.jpg --> ftp.dp12016968.lolipop.jp /postmail/images top_0005c.jpg
2014.07.21 23:04 B Z:\1SriLanka\2NewHP\images\top_0005c01.jpg --> ftp.dp12016968.lolipop.jp /postmail/images top_0005c01.jpg
2014.07.21 23:04 B Z:\1SriLanka\2NewHP\images\top_0005d.jpg --> ftp.dp12016968.lolipop.jp /postmail/images top_0005d.jpg
2014.07.21 23:04 B Z:\1SriLanka\2NewHP\images\top_0005d01.jpg --> ftp.dp12016968.lolipop.jp /postmail/images top_0005d01.jpg
2014.07.21 23:04 B Z:\1SriLanka\2NewHP\images\top_0005e.jpg --> ftp.dp12016968.lolipop.jp /postmail/images top_0005e.jpg
2014.07.21 23:04 B Z:\1SriLanka\2NewHP\images\top_0005e01.jpg --> ftp.dp12016968.lolipop.jp /postmail/images top_0005e01.jpg
2014.07.21 23:04 B Z:\1SriLanka\2NewHP\images\top_0005f.jpg --> ftp.dp12016968.lolipop.jp /postmail/images top_0005f.jpg
2014.07.21 23:04 B Z:\1SriLanka\2NewHP\images\top_0006a.jpg --> ftp.dp12016968.lolipop.jp /postmail/images top_0006a.jpg
2014.07.21 23:04 B Z:\1SriLanka\2NewHP\images\top_0006b - コピー.jpg --> ftp.dp12016968.lolipop.jp /postmail/images top_0006b - コピー.jpg
2014.07.21 23:04 B Z:\1SriLanka\2NewHP\images\top_0006b.jpg --> ftp.dp12016968.lolipop.jp /postmail/images top_0006b.jpg
2014.07.21 23:04 B Z:\1SriLanka\2NewHP\images\top_0006b.psd --> ftp.dp12016968.lolipop.jp /postmail/images top_0006b.psd
2014.07.21 23:04 B Z:\1SriLanka\2NewHP\images\top_0006c.jpg --> ftp.dp12016968.lolipop.jp /postmail/images top_0006c.jpg
2014.07.21 23:04 B Z:\1SriLanka\2NewHP\images\top_0006d.jpg --> ftp.dp12016968.lolipop.jp /postmail/images top_0006d.jpg
2014.07.21 23:04 B Z:\1SriLanka\2NewHP\images\top_0006e.jpg --> ftp.dp12016968.lolipop.jp /postmail/images top_0006e.jpg
2014.07.21 23:04 B Z:\1SriLanka\2NewHP\images\top_0006f.jpg --> ftp.dp12016968.lolipop.jp /postmail/images top_0006f.jpg
2014.07.21 23:04 B Z:\1SriLanka\2NewHP\images\top_0006g.jpg --> ftp.dp12016968.lolipop.jp /postmail/images top_0006g.jpg
2014.07.21 23:04 B Z:\1SriLanka\2NewHP\images\top_0007a.jpg --> ftp.dp12016968.lolipop.jp /postmail/images top_0007a.jpg
2014.07.21 23:04 B Z:\1SriLanka\2NewHP\images\top_0007b - コピー.jpg --> ftp.dp12016968.lolipop.jp /postmail/images top_0007b - コピー.jpg
2014.07.21 23:04 B Z:\1SriLanka\2NewHP\images\top_0007b.jpg --> ftp.dp12016968.lolipop.jp /postmail/images top_0007b.jpg
2014.07.21 23:04 B Z:\1SriLanka\2NewHP\images\top_0007b.psd --> ftp.dp12016968.lolipop.jp /postmail/images top_0007b.psd
2014.07.21 23:04 B Z:\1SriLanka\2NewHP\images\top_0007c.jpg --> ftp.dp12016968.lolipop.jp /postmail/images top_0007c.jpg
2014.07.21 23:04 B Z:\1SriLanka\2NewHP\images\top_0007d.jpg --> ftp.dp12016968.lolipop.jp /postmail/images top_0007d.jpg
2014.07.21 23:04 B Z:\1SriLanka\2NewHP\images\top_0007e.jpg --> ftp.dp12016968.lolipop.jp /postmail/images top_0007e.jpg
2014.07.21 23:04 B Z:\1SriLanka\2NewHP\images\top_0007f.jpg --> ftp.dp12016968.lolipop.jp /postmail/images top_0007f.jpg
2014.07.21 23:04 B Z:\1SriLanka\2NewHP\images\top_0007g.jpg --> ftp.dp12016968.lolipop.jp /postmail/images top_0007g.jpg
2014.07.21 23:04 B Z:\1SriLanka\2NewHP\images\top_0008a.gif --> ftp.dp12016968.lolipop.jp /postmail/images top_0008a.gif
2014.07.21 23:04 B Z:\1SriLanka\2NewHP\images\top_0008b.gif --> ftp.dp12016968.lolipop.jp /postmail/images top_0008b.gif
2014.07.21 23:04 B Z:\1SriLanka\2NewHP\images\top_0008c.gif --> ftp.dp12016968.lolipop.jp /postmail/images top_0008c.gif
2014.07.21 23:04 B Z:\1SriLanka\2NewHP\images\top_0009a.gif --> ftp.dp12016968.lolipop.jp /postmail/images top_0009a.gif
2014.07.21 23:04 B Z:\1SriLanka\2NewHP\images\top_0009b.gif --> ftp.dp12016968.lolipop.jp /postmail/images top_0009b.gif
2014.07.21 23:04 B Z:\1SriLanka\2NewHP\images\top_0010.gif --> ftp.dp12016968.lolipop.jp /postmail/images top_0010.gif
2014.07.21 23:04 B Z:\1SriLanka\2NewHP\images\top_0011.gif --> ftp.dp12016968.lolipop.jp /postmail/images top_0011.gif
2014.07.21 23:04 B Z:\1SriLanka\2NewHP\images\yaji02.gif --> ftp.dp12016968.lolipop.jp /postmail/images yaji02.gif
2014.07.21 23:05 B Z:\1SriLanka\2NewHP\images\be3_468px_60pxs.gif --> ftp.dp12016968.lolipop.jp /postmail/images be3_468px_60pxs.gif
2014.07.21 23:05 B Z:\1SriLanka\2NewHP\images\bk.gif --> ftp.dp12016968.lolipop.jp /postmail/images bk.gif
2014.07.21 23:05 B Z:\1SriLanka\2NewHP\images\head_r1_c1.gif --> ftp.dp12016968.lolipop.jp /postmail/images head_r1_c1.gif
2014.07.21 23:05 B Z:\1SriLanka\2NewHP\images\ishikawasama5.jpg --> ftp.dp12016968.lolipop.jp /postmail/images ishikawasama5.jpg
2014.07.21 23:05 B Z:\1SriLanka\2NewHP\images\l01.gif --> ftp.dp12016968.lolipop.jp /postmail/images l01.gif
2014.07.21 23:05 B Z:\1SriLanka\2NewHP\images\menu_001a.jpg --> ftp.dp12016968.lolipop.jp /postmail/images menu_001a.jpg
2014.07.21 23:05 B Z:\1SriLanka\2NewHP\images\menu_001b.jpg --> ftp.dp12016968.lolipop.jp /postmail/images menu_001b.jpg
2014.07.21 23:05 B Z:\1SriLanka\2NewHP\images\menu_001c.jpg --> ftp.dp12016968.lolipop.jp /postmail/images menu_001c.jpg
2014.07.21 23:05 B Z:\1SriLanka\2NewHP\images\menu_001d.jpg --> ftp.dp12016968.lolipop.jp /postmail/images menu_001d.jpg
2014.07.21 23:05 B Z:\1SriLanka\2NewHP\images\menu_001e.jpg --> ftp.dp12016968.lolipop.jp /postmail/images menu_001e.jpg
2014.07.21 23:05 B Z:\1SriLanka\2NewHP\images\menu_001f.jpg --> ftp.dp12016968.lolipop.jp /postmail/images menu_001f.jpg
2014.07.21 23:05 B Z:\1SriLanka\2NewHP\images\menu_001g.jpg --> ftp.dp12016968.lolipop.jp /postmail/images menu_001g.jpg
2014.07.21 23:05 B Z:\1SriLanka\2NewHP\images\menu_001h.jpg --> ftp.dp12016968.lolipop.jp /postmail/images menu_001h.jpg
2014.07.21 23:05 B Z:\1SriLanka\2NewHP\images\menu_001i.jpg --> ftp.dp12016968.lolipop.jp /postmail/images menu_001i.jpg
2014.07.21 23:05 B Z:\1SriLanka\2NewHP\images\menu_001j.jpg --> ftp.dp12016968.lolipop.jp /postmail/images menu_001j.jpg
2014.07.21 23:05 B Z:\1SriLanka\2NewHP\images\menu_002a.jpg --> ftp.dp12016968.lolipop.jp /postmail/images menu_002a.jpg
2014.07.21 23:05 B Z:\1SriLanka\2NewHP\images\menu_002b.jpg --> ftp.dp12016968.lolipop.jp /postmail/images menu_002b.jpg
2014.07.21 23:05 B Z:\1SriLanka\2NewHP\images\menu_002c.jpg --> ftp.dp12016968.lolipop.jp /postmail/images menu_002c.jpg
2014.07.21 23:05 B Z:\1SriLanka\2NewHP\images\menu_002d.jpg --> ftp.dp12016968.lolipop.jp /postmail/images menu_002d.jpg
2014.07.21 23:05 B Z:\1SriLanka\2NewHP\images\menu_002e.jpg --> ftp.dp12016968.lolipop.jp /postmail/images menu_002e.jpg
2014.07.21 23:05 B Z:\1SriLanka\2NewHP\images\menu_002f.jpg --> ftp.dp12016968.lolipop.jp /postmail/images menu_002f.jpg
2014.07.21 23:05 B Z:\1SriLanka\2NewHP\images\menu_002g.jpg --> ftp.dp12016968.lolipop.jp /postmail/images menu_002g.jpg
2014.07.21 23:05 B Z:\1SriLanka\2NewHP\images\menu_002h.jpg --> ftp.dp12016968.lolipop.jp /postmail/images menu_002h.jpg
2014.07.21 23:05 B Z:\1SriLanka\2NewHP\images\menu_002i.jpg --> ftp.dp12016968.lolipop.jp /postmail/images menu_002i.jpg
2014.07.21 23:05 B Z:\1SriLanka\2NewHP\images\menu_002j.jpg --> ftp.dp12016968.lolipop.jp /postmail/images menu_002j.jpg
2014.07.21 23:05 B Z:\1SriLanka\2NewHP\images\menu_bk.jpg --> ftp.dp12016968.lolipop.jp /postmail/images menu_bk.jpg
2014.07.21 23:05 B Z:\1SriLanka\2NewHP\images\MitsukoOsaka.gif --> ftp.dp12016968.lolipop.jp /postmail/images MitsukoOsaka.gif
2014.07.21 23:05 B Z:\1SriLanka\2NewHP\images\new1.gif --> ftp.dp12016968.lolipop.jp /postmail/images new1.gif
2014.07.21 23:05 B Z:\1SriLanka\2NewHP\images\otsukasama6.jpg --> ftp.dp12016968.lolipop.jp /postmail/images otsukasama6.jpg
2014.07.21 23:05 B Z:\1SriLanka\2NewHP\images\sevena1.jpg --> ftp.dp12016968.lolipop.jp /postmail/images sevena1.jpg
2014.07.21 23:05 B Z:\1SriLanka\2NewHP\images\spacer.gif --> ftp.dp12016968.lolipop.jp /postmail/images spacer.gif
2014.07.21 23:05 B Z:\1SriLanka\2NewHP\images\Thumbs (1).db --> ftp.dp12016968.lolipop.jp /postmail/images Thumbs (1).db
2014.07.21 23:05 B Z:\1SriLanka\2NewHP\images\Thumbs.db --> ftp.dp12016968.lolipop.jp /postmail/images Thumbs.db
2014.07.21 23:05 B Z:\1SriLanka\2NewHP\images\top_0001a.jpg --> ftp.dp12016968.lolipop.jp /postmail/images top_0001a.jpg
2014.07.21 23:05 B Z:\1SriLanka\2NewHP\images\top_0001b.jpg --> ftp.dp12016968.lolipop.jp /postmail/images top_0001b.jpg
2014.07.21 23:05 B Z:\1SriLanka\2NewHP\images\top_0001c.jpg --> ftp.dp12016968.lolipop.jp /postmail/images top_0001c.jpg
2014.07.21 23:05 B Z:\1SriLanka\2NewHP\images\top_0001d.jpg --> ftp.dp12016968.lolipop.jp /postmail/images top_0001d.jpg
2014.07.21 23:05 B Z:\1SriLanka\2NewHP\images\top_0001e.jpg --> ftp.dp12016968.lolipop.jp /postmail/images top_0001e.jpg
2014.07.21 23:05 B Z:\1SriLanka\2NewHP\images\top_0002b.jpg --> ftp.dp12016968.lolipop.jp /postmail/images top_0002b.jpg
2014.07.21 23:05 B Z:\1SriLanka\2NewHP\images\top_0002c.jpg --> ftp.dp12016968.lolipop.jp /postmail/images top_0002c.jpg
2014.07.21 23:05 B Z:\1SriLanka\2NewHP\images\top_0002d.jpg --> ftp.dp12016968.lolipop.jp /postmail/images top_0002d.jpg
2014.07.21 23:05 B Z:\1SriLanka\2NewHP\images\top_0003a.jpg --> ftp.dp12016968.lolipop.jp /postmail/images top_0003a.jpg
2014.07.21 23:05 B Z:\1SriLanka\2NewHP\images\top_0003b.jpg --> ftp.dp12016968.lolipop.jp /postmail/images top_0003b.jpg
2014.07.21 23:05 B Z:\1SriLanka\2NewHP\images\top_0003c.jpg --> ftp.dp12016968.lolipop.jp /postmail/images top_0003c.jpg
2014.07.21 23:05 B Z:\1SriLanka\2NewHP\images\top_0003d.jpg --> ftp.dp12016968.lolipop.jp /postmail/images top_0003d.jpg
2014.07.21 23:05 B Z:\1SriLanka\2NewHP\images\top_0003e.jpg --> ftp.dp12016968.lolipop.jp /postmail/images top_0003e.jpg
2014.07.21 23:05 B Z:\1SriLanka\2NewHP\images\top_0003f.jpg --> ftp.dp12016968.lolipop.jp /postmail/images top_0003f.jpg
2014.07.21 23:05 B Z:\1SriLanka\2NewHP\images\top_0003g.jpg --> ftp.dp12016968.lolipop.jp /postmail/images top_0003g.jpg
2014.07.21 23:05 B Z:\1SriLanka\2NewHP\images\top_0003h.jpg --> ftp.dp12016968.lolipop.jp /postmail/images top_0003h.jpg
2014.07.21 23:05 B Z:\1SriLanka\2NewHP\images\top_0004b.jpg --> ftp.dp12016968.lolipop.jp /postmail/images top_0004b.jpg
2014.07.21 23:05 B Z:\1SriLanka\2NewHP\images\top_0004c.jpg --> ftp.dp12016968.lolipop.jp /postmail/images top_0004c.jpg
2014.07.21 23:05 B Z:\1SriLanka\2NewHP\images\top_0004d.jpg --> ftp.dp12016968.lolipop.jp /postmail/images top_0004d.jpg
2014.07.21 23:05 B Z:\1SriLanka\2NewHP\images\top_0004e.jpg --> ftp.dp12016968.lolipop.jp /postmail/images top_0004e.jpg
2014.07.21 23:05 B Z:\1SriLanka\2NewHP\images\top_0004f.jpg --> ftp.dp12016968.lolipop.jp /postmail/images top_0004f.jpg
2014.07.21 23:05 B Z:\1SriLanka\2NewHP\images\top_0004g.jpg --> ftp.dp12016968.lolipop.jp /postmail/images top_0004g.jpg
2014.07.21 23:05 B Z:\1SriLanka\2NewHP\images\top_0005a.jpg --> ftp.dp12016968.lolipop.jp /postmail/images top_0005a.jpg
2014.07.21 23:05 B Z:\1SriLanka\2NewHP\images\top_0005b.jpg --> ftp.dp12016968.lolipop.jp /postmail/images top_0005b.jpg
2014.07.21 23:05 B Z:\1SriLanka\2NewHP\images\top_0005c.jpg --> ftp.dp12016968.lolipop.jp /postmail/images top_0005c.jpg
2014.07.21 23:05 B Z:\1SriLanka\2NewHP\images\top_0005c01.jpg --> ftp.dp12016968.lolipop.jp /postmail/images top_0005c01.jpg
2014.07.21 23:05 B Z:\1SriLanka\2NewHP\images\top_0005d.jpg --> ftp.dp12016968.lolipop.jp /postmail/images top_0005d.jpg
2014.07.21 23:05 B Z:\1SriLanka\2NewHP\images\top_0005d01.jpg --> ftp.dp12016968.lolipop.jp /postmail/images top_0005d01.jpg
2014.07.21 23:05 B Z:\1SriLanka\2NewHP\images\top_0005e.jpg --> ftp.dp12016968.lolipop.jp /postmail/images top_0005e.jpg
2014.07.21 23:05 B Z:\1SriLanka\2NewHP\images\top_0005e01.jpg --> ftp.dp12016968.lolipop.jp /postmail/images top_0005e01.jpg
2014.07.21 23:05 B Z:\1SriLanka\2NewHP\images\top_0005f.jpg --> ftp.dp12016968.lolipop.jp /postmail/images top_0005f.jpg
2014.07.21 23:05 B Z:\1SriLanka\2NewHP\images\top_0006a.jpg --> ftp.dp12016968.lolipop.jp /postmail/images top_0006a.jpg
2014.07.21 23:05 B Z:\1SriLanka\2NewHP\images\top_0006b - コピー.jpg --> ftp.dp12016968.lolipop.jp /postmail/images top_0006b - コピー.jpg
2014.07.21 23:05 B Z:\1SriLanka\2NewHP\images\top_0006b.jpg --> ftp.dp12016968.lolipop.jp /postmail/images top_0006b.jpg
2014.07.21 23:05 B Z:\1SriLanka\2NewHP\images\top_0006b.psd --> ftp.dp12016968.lolipop.jp /postmail/images top_0006b.psd
2014.07.21 23:05 B Z:\1SriLanka\2NewHP\images\top_0006c.jpg --> ftp.dp12016968.lolipop.jp /postmail/images top_0006c.jpg
2014.07.21 23:05 B Z:\1SriLanka\2NewHP\images\top_0006d.jpg --> ftp.dp12016968.lolipop.jp /postmail/images top_0006d.jpg
2014.07.21 23:05 B Z:\1SriLanka\2NewHP\images\top_0006e.jpg --> ftp.dp12016968.lolipop.jp /postmail/images top_0006e.jpg
2014.07.21 23:05 B Z:\1SriLanka\2NewHP\images\top_0006f.jpg --> ftp.dp12016968.lolipop.jp /postmail/images top_0006f.jpg
2014.07.21 23:05 B Z:\1SriLanka\2NewHP\images\top_0006g.jpg --> ftp.dp12016968.lolipop.jp /postmail/images top_0006g.jpg
2014.07.21 23:05 B Z:\1SriLanka\2NewHP\images\top_0007a.jpg --> ftp.dp12016968.lolipop.jp /postmail/images top_0007a.jpg
2014.07.21 23:05 B Z:\1SriLanka\2NewHP\images\top_0007b - コピー.jpg --> ftp.dp12016968.lolipop.jp /postmail/images top_0007b - コピー.jpg
2014.07.21 23:05 B Z:\1SriLanka\2NewHP\images\top_0007b.jpg --> ftp.dp12016968.lolipop.jp /postmail/images top_0007b.jpg
2014.07.21 23:05 B Z:\1SriLanka\2NewHP\images\top_0007b.psd --> ftp.dp12016968.lolipop.jp /postmail/images top_0007b.psd
2014.07.21 23:05 B Z:\1SriLanka\2NewHP\images\top_0007c.jpg --> ftp.dp12016968.lolipop.jp /postmail/images top_0007c.jpg
2014.07.21 23:05 B Z:\1SriLanka\2NewHP\images\top_0007d.jpg --> ftp.dp12016968.lolipop.jp /postmail/images top_0007d.jpg
2014.07.21 23:05 B Z:\1SriLanka\2NewHP\images\top_0007e.jpg --> ftp.dp12016968.lolipop.jp /postmail/images top_0007e.jpg
2014.07.21 23:05 B Z:\1SriLanka\2NewHP\images\top_0007f.jpg --> ftp.dp12016968.lolipop.jp /postmail/images top_0007f.jpg
2014.07.21 23:05 B Z:\1SriLanka\2NewHP\images\top_0007g.jpg --> ftp.dp12016968.lolipop.jp /postmail/images top_0007g.jpg
2014.07.21 23:05 B Z:\1SriLanka\2NewHP\images\top_0008a.gif --> ftp.dp12016968.lolipop.jp /postmail/images top_0008a.gif
2014.07.21 23:05 B Z:\1SriLanka\2NewHP\images\top_0008b.gif --> ftp.dp12016968.lolipop.jp /postmail/images top_0008b.gif
2014.07.21 23:05 B Z:\1SriLanka\2NewHP\images\top_0008c.gif --> ftp.dp12016968.lolipop.jp /postmail/images top_0008c.gif
2014.07.21 23:05 B Z:\1SriLanka\2NewHP\images\top_0009a.gif --> ftp.dp12016968.lolipop.jp /postmail/images top_0009a.gif
2014.07.21 23:05 B Z:\1SriLanka\2NewHP\images\top_0009b.gif --> ftp.dp12016968.lolipop.jp /postmail/images top_0009b.gif
2014.07.21 23:05 B Z:\1SriLanka\2NewHP\images\top_0010.gif --> ftp.dp12016968.lolipop.jp /postmail/images top_0010.gif
2014.07.21 23:05 B Z:\1SriLanka\2NewHP\images\top_0011.gif --> ftp.dp12016968.lolipop.jp /postmail/images top_0011.gif
2014.07.21 23:05 B Z:\1SriLanka\2NewHP\images\yaji02.gif --> ftp.dp12016968.lolipop.jp /postmail/images yaji02.gif
2014.07.21 23:53 B Z:\1SriLanka\2NewHP\images\be3_468px_60pxs.gif --> ftp.dp12016968.lolipop.jp /postmail/tmpl/images be3_468px_60pxs.gif
2014.07.21 23:53 B Z:\1SriLanka\2NewHP\images\bk.gif --> ftp.dp12016968.lolipop.jp /postmail/tmpl/images bk.gif
2014.07.21 23:53 B Z:\1SriLanka\2NewHP\images\head_r1_c1.gif --> ftp.dp12016968.lolipop.jp /postmail/tmpl/images head_r1_c1.gif
2014.07.21 23:53 B Z:\1SriLanka\2NewHP\images\ishikawasama5.jpg --> ftp.dp12016968.lolipop.jp /postmail/tmpl/images ishikawasama5.jpg
2014.07.21 23:53 B Z:\1SriLanka\2NewHP\images\l01.gif --> ftp.dp12016968.lolipop.jp /postmail/tmpl/images l01.gif
2014.07.21 23:53 B Z:\1SriLanka\2NewHP\images\menu_001a.jpg --> ftp.dp12016968.lolipop.jp /postmail/tmpl/images menu_001a.jpg
2014.07.21 23:53 B Z:\1SriLanka\2NewHP\images\menu_001b.jpg --> ftp.dp12016968.lolipop.jp /postmail/tmpl/images menu_001b.jpg
2014.07.21 23:53 B Z:\1SriLanka\2NewHP\images\menu_001c.jpg --> ftp.dp12016968.lolipop.jp /postmail/tmpl/images menu_001c.jpg
2014.07.21 23:53 B Z:\1SriLanka\2NewHP\images\menu_001d.jpg --> ftp.dp12016968.lolipop.jp /postmail/tmpl/images menu_001d.jpg
2014.07.21 23:53 B Z:\1SriLanka\2NewHP\images\menu_001e.jpg --> ftp.dp12016968.lolipop.jp /postmail/tmpl/images menu_001e.jpg
2014.07.21 23:53 B Z:\1SriLanka\2NewHP\images\menu_001f.jpg --> ftp.dp12016968.lolipop.jp /postmail/tmpl/images menu_001f.jpg
2014.07.21 23:53 B Z:\1SriLanka\2NewHP\images\menu_001g.jpg --> ftp.dp12016968.lolipop.jp /postmail/tmpl/images menu_001g.jpg
2014.07.21 23:53 B Z:\1SriLanka\2NewHP\images\menu_001h.jpg --> ftp.dp12016968.lolipop.jp /postmail/tmpl/images menu_001h.jpg
2014.07.21 23:53 B Z:\1SriLanka\2NewHP\images\menu_001i.jpg --> ftp.dp12016968.lolipop.jp /postmail/tmpl/images menu_001i.jpg
2014.07.21 23:53 B Z:\1SriLanka\2NewHP\images\menu_001j.jpg --> ftp.dp12016968.lolipop.jp /postmail/tmpl/images menu_001j.jpg
2014.07.21 23:53 B Z:\1SriLanka\2NewHP\images\menu_002a.jpg --> ftp.dp12016968.lolipop.jp /postmail/tmpl/images menu_002a.jpg
2014.07.21 23:53 B Z:\1SriLanka\2NewHP\images\menu_002b.jpg --> ftp.dp12016968.lolipop.jp /postmail/tmpl/images menu_002b.jpg
2014.07.21 23:53 B Z:\1SriLanka\2NewHP\images\menu_002c.jpg --> ftp.dp12016968.lolipop.jp /postmail/tmpl/images menu_002c.jpg
2014.07.21 23:53 B Z:\1SriLanka\2NewHP\images\menu_002d.jpg --> ftp.dp12016968.lolipop.jp /postmail/tmpl/images menu_002d.jpg
2014.07.21 23:53 B Z:\1SriLanka\2NewHP\images\menu_002e.jpg --> ftp.dp12016968.lolipop.jp /postmail/tmpl/images menu_002e.jpg
2014.07.21 23:53 B Z:\1SriLanka\2NewHP\images\menu_002f.jpg --> ftp.dp12016968.lolipop.jp /postmail/tmpl/images menu_002f.jpg
2014.07.21 23:53 B Z:\1SriLanka\2NewHP\images\menu_002g.jpg --> ftp.dp12016968.lolipop.jp /postmail/tmpl/images menu_002g.jpg
2014.07.21 23:53 B Z:\1SriLanka\2NewHP\images\menu_002h.jpg --> ftp.dp12016968.lolipop.jp /postmail/tmpl/images menu_002h.jpg
2014.07.21 23:53 B Z:\1SriLanka\2NewHP\images\menu_002i.jpg --> ftp.dp12016968.lolipop.jp /postmail/tmpl/images menu_002i.jpg
2014.07.21 23:53 B Z:\1SriLanka\2NewHP\images\menu_002j.jpg --> ftp.dp12016968.lolipop.jp /postmail/tmpl/images menu_002j.jpg
2014.07.21 23:53 B Z:\1SriLanka\2NewHP\images\menu_bk.jpg --> ftp.dp12016968.lolipop.jp /postmail/tmpl/images menu_bk.jpg
2014.07.21 23:53 B Z:\1SriLanka\2NewHP\images\MitsukoOsaka.gif --> ftp.dp12016968.lolipop.jp /postmail/tmpl/images MitsukoOsaka.gif
2014.07.21 23:53 B Z:\1SriLanka\2NewHP\images\new1.gif --> ftp.dp12016968.lolipop.jp /postmail/tmpl/images new1.gif
2014.07.21 23:53 B Z:\1SriLanka\2NewHP\images\otsukasama6.jpg --> ftp.dp12016968.lolipop.jp /postmail/tmpl/images otsukasama6.jpg
2014.07.21 23:53 B Z:\1SriLanka\2NewHP\images\sevena1.jpg --> ftp.dp12016968.lolipop.jp /postmail/tmpl/images sevena1.jpg
2014.07.21 23:53 B Z:\1SriLanka\2NewHP\images\spacer.gif --> ftp.dp12016968.lolipop.jp /postmail/tmpl/images spacer.gif
2014.07.21 23:53 B Z:\1SriLanka\2NewHP\images\Thumbs (1).db --> ftp.dp12016968.lolipop.jp /postmail/tmpl/images Thumbs (1).db
2014.07.21 23:53 B Z:\1SriLanka\2NewHP\images\Thumbs.db --> ftp.dp12016968.lolipop.jp /postmail/tmpl/images Thumbs.db
2014.07.21 23:53 B Z:\1SriLanka\2NewHP\images\top_0001a.jpg --> ftp.dp12016968.lolipop.jp /postmail/tmpl/images top_0001a.jpg
2014.07.21 23:53 B Z:\1SriLanka\2NewHP\images\top_0001b.jpg --> ftp.dp12016968.lolipop.jp /postmail/tmpl/images top_0001b.jpg
2014.07.21 23:53 B Z:\1SriLanka\2NewHP\images\top_0001c.jpg --> ftp.dp12016968.lolipop.jp /postmail/tmpl/images top_0001c.jpg
2014.07.21 23:53 B Z:\1SriLanka\2NewHP\images\top_0001d.jpg --> ftp.dp12016968.lolipop.jp /postmail/tmpl/images top_0001d.jpg
2014.07.21 23:53 B Z:\1SriLanka\2NewHP\images\top_0001e.jpg --> ftp.dp12016968.lolipop.jp /postmail/tmpl/images top_0001e.jpg
2014.07.21 23:53 B Z:\1SriLanka\2NewHP\images\top_0002b.jpg --> ftp.dp12016968.lolipop.jp /postmail/tmpl/images top_0002b.jpg
2014.07.21 23:53 B Z:\1SriLanka\2NewHP\images\top_0002c.jpg --> ftp.dp12016968.lolipop.jp /postmail/tmpl/images top_0002c.jpg
2014.07.21 23:53 B Z:\1SriLanka\2NewHP\images\top_0002d.jpg --> ftp.dp12016968.lolipop.jp /postmail/tmpl/images top_0002d.jpg
2014.07.21 23:53 B Z:\1SriLanka\2NewHP\images\top_0003a.jpg --> ftp.dp12016968.lolipop.jp /postmail/tmpl/images top_0003a.jpg
2014.07.21 23:53 B Z:\1SriLanka\2NewHP\images\top_0003b.jpg --> ftp.dp12016968.lolipop.jp /postmail/tmpl/images top_0003b.jpg
2014.07.21 23:53 B Z:\1SriLanka\2NewHP\images\top_0003c.jpg --> ftp.dp12016968.lolipop.jp /postmail/tmpl/images top_0003c.jpg
2014.07.21 23:53 B Z:\1SriLanka\2NewHP\images\top_0003d.jpg --> ftp.dp12016968.lolipop.jp /postmail/tmpl/images top_0003d.jpg
2014.07.21 23:53 B Z:\1SriLanka\2NewHP\images\top_0003e.jpg --> ftp.dp12016968.lolipop.jp /postmail/tmpl/images top_0003e.jpg
2014.07.21 23:53 B Z:\1SriLanka\2NewHP\images\top_0003f.jpg --> ftp.dp12016968.lolipop.jp /postmail/tmpl/images top_0003f.jpg
2014.07.21 23:53 B Z:\1SriLanka\2NewHP\images\top_0003g.jpg --> ftp.dp12016968.lolipop.jp /postmail/tmpl/images top_0003g.jpg
2014.07.21 23:53 B Z:\1SriLanka\2NewHP\images\top_0003h.jpg --> ftp.dp12016968.lolipop.jp /postmail/tmpl/images top_0003h.jpg
2014.07.21 23:53 B Z:\1SriLanka\2NewHP\images\top_0004b.jpg --> ftp.dp12016968.lolipop.jp /postmail/tmpl/images top_0004b.jpg
2014.07.21 23:53 B Z:\1SriLanka\2NewHP\images\top_0004c.jpg --> ftp.dp12016968.lolipop.jp /postmail/tmpl/images top_0004c.jpg
2014.07.21 23:53 B Z:\1SriLanka\2NewHP\images\top_0004d.jpg --> ftp.dp12016968.lolipop.jp /postmail/tmpl/images top_0004d.jpg
2014.07.21 23:53 B Z:\1SriLanka\2NewHP\images\top_0004e.jpg --> ftp.dp12016968.lolipop.jp /postmail/tmpl/images top_0004e.jpg
2014.07.21 23:53 B Z:\1SriLanka\2NewHP\images\top_0004f.jpg --> ftp.dp12016968.lolipop.jp /postmail/tmpl/images top_0004f.jpg
2014.07.21 23:53 B Z:\1SriLanka\2NewHP\images\top_0004g.jpg --> ftp.dp12016968.lolipop.jp /postmail/tmpl/images top_0004g.jpg
2014.07.21 23:53 B Z:\1SriLanka\2NewHP\images\top_0005a.jpg --> ftp.dp12016968.lolipop.jp /postmail/tmpl/images top_0005a.jpg
2014.07.21 23:53 B Z:\1SriLanka\2NewHP\images\top_0005b.jpg --> ftp.dp12016968.lolipop.jp /postmail/tmpl/images top_0005b.jpg
2014.07.21 23:53 B Z:\1SriLanka\2NewHP\images\top_0005c.jpg --> ftp.dp12016968.lolipop.jp /postmail/tmpl/images top_0005c.jpg
2014.07.21 23:53 B Z:\1SriLanka\2NewHP\images\top_0005c01.jpg --> ftp.dp12016968.lolipop.jp /postmail/tmpl/images top_0005c01.jpg
2014.07.21 23:53 B Z:\1SriLanka\2NewHP\images\top_0005d.jpg --> ftp.dp12016968.lolipop.jp /postmail/tmpl/images top_0005d.jpg
2014.07.21 23:53 B Z:\1SriLanka\2NewHP\images\top_0005d01.jpg --> ftp.dp12016968.lolipop.jp /postmail/tmpl/images top_0005d01.jpg
2014.07.21 23:53 B Z:\1SriLanka\2NewHP\images\top_0005e.jpg --> ftp.dp12016968.lolipop.jp /postmail/tmpl/images top_0005e.jpg
2014.07.21 23:53 B Z:\1SriLanka\2NewHP\images\top_0005e01.jpg --> ftp.dp12016968.lolipop.jp /postmail/tmpl/images top_0005e01.jpg
2014.07.21 23:53 B Z:\1SriLanka\2NewHP\images\top_0005f.jpg --> ftp.dp12016968.lolipop.jp /postmail/tmpl/images top_0005f.jpg
2014.07.21 23:53 B Z:\1SriLanka\2NewHP\images\top_0006a.jpg --> ftp.dp12016968.lolipop.jp /postmail/tmpl/images top_0006a.jpg
2014.07.21 23:53 B Z:\1SriLanka\2NewHP\images\top_0006b - コピー.jpg --> ftp.dp12016968.lolipop.jp /postmail/tmpl/images top_0006b - コピー.jpg
2014.07.21 23:53 B Z:\1SriLanka\2NewHP\images\top_0006b.jpg --> ftp.dp12016968.lolipop.jp /postmail/tmpl/images top_0006b.jpg
2014.07.21 23:53 B Z:\1SriLanka\2NewHP\images\top_0006b.psd --> ftp.dp12016968.lolipop.jp /postmail/tmpl/images top_0006b.psd
2014.07.21 23:53 B Z:\1SriLanka\2NewHP\images\top_0006c.jpg --> ftp.dp12016968.lolipop.jp /postmail/tmpl/images top_0006c.jpg
2014.07.21 23:53 B Z:\1SriLanka\2NewHP\images\top_0006d.jpg --> ftp.dp12016968.lolipop.jp /postmail/tmpl/images top_0006d.jpg
2014.07.21 23:53 B Z:\1SriLanka\2NewHP\images\top_0006e.jpg --> ftp.dp12016968.lolipop.jp /postmail/tmpl/images top_0006e.jpg
2014.07.21 23:53 B Z:\1SriLanka\2NewHP\images\top_0006f.jpg --> ftp.dp12016968.lolipop.jp /postmail/tmpl/images top_0006f.jpg
2014.07.21 23:53 B Z:\1SriLanka\2NewHP\images\top_0006g.jpg --> ftp.dp12016968.lolipop.jp /postmail/tmpl/images top_0006g.jpg
2014.07.21 23:53 B Z:\1SriLanka\2NewHP\images\top_0007a.jpg --> ftp.dp12016968.lolipop.jp /postmail/tmpl/images top_0007a.jpg
2014.07.21 23:53 B Z:\1SriLanka\2NewHP\images\top_0007b - コピー.jpg --> ftp.dp12016968.lolipop.jp /postmail/tmpl/images top_0007b - コピー.jpg
2014.07.21 23:53 B Z:\1SriLanka\2NewHP\images\top_0007b.jpg --> ftp.dp12016968.lolipop.jp /postmail/tmpl/images top_0007b.jpg
2014.07.21 23:53 B Z:\1SriLanka\2NewHP\images\top_0007b.psd --> ftp.dp12016968.lolipop.jp /postmail/tmpl/images top_0007b.psd
2014.07.21 23:53 B Z:\1SriLanka\2NewHP\images\top_0007c.jpg --> ftp.dp12016968.lolipop.jp /postmail/tmpl/images top_0007c.jpg
2014.07.21 23:53 B Z:\1SriLanka\2NewHP\images\top_0007d.jpg --> ftp.dp12016968.lolipop.jp /postmail/tmpl/images top_0007d.jpg
2014.07.21 23:53 B Z:\1SriLanka\2NewHP\images\top_0007e.jpg --> ftp.dp12016968.lolipop.jp /postmail/tmpl/images top_0007e.jpg
2014.07.21 23:53 B Z:\1SriLanka\2NewHP\images\top_0007f.jpg --> ftp.dp12016968.lolipop.jp /postmail/tmpl/images top_0007f.jpg
2014.07.21 23:53 B Z:\1SriLanka\2NewHP\images\top_0007g.jpg --> ftp.dp12016968.lolipop.jp /postmail/tmpl/images top_0007g.jpg
2014.07.21 23:53 B Z:\1SriLanka\2NewHP\images\top_0008a.gif --> ftp.dp12016968.lolipop.jp /postmail/tmpl/images top_0008a.gif
2014.07.21 23:53 B Z:\1SriLanka\2NewHP\images\top_0008b.gif --> ftp.dp12016968.lolipop.jp /postmail/tmpl/images top_0008b.gif
2014.07.21 23:53 B Z:\1SriLanka\2NewHP\images\top_0008c.gif --> ftp.dp12016968.lolipop.jp /postmail/tmpl/images top_0008c.gif
2014.07.21 23:54 B Z:\1SriLanka\2NewHP\images\top_0009a.gif --> ftp.dp12016968.lolipop.jp /postmail/tmpl/images top_0009a.gif
2014.07.21 23:54 B Z:\1SriLanka\2NewHP\images\top_0009b.gif --> ftp.dp12016968.lolipop.jp /postmail/tmpl/images top_0009b.gif
2014.07.21 23:54 B Z:\1SriLanka\2NewHP\images\top_0010.gif --> ftp.dp12016968.lolipop.jp /postmail/tmpl/images top_0010.gif
2014.07.21 23:54 B Z:\1SriLanka\2NewHP\images\top_0011.gif --> ftp.dp12016968.lolipop.jp /postmail/tmpl/images top_0011.gif
2014.07.21 23:54 B Z:\1SriLanka\2NewHP\images\yaji02.gif --> ftp.dp12016968.lolipop.jp /postmail/tmpl/images yaji02.gif
2014.07.22 23:06 A Z:\1SriLanka\2NewHP\images\be3_468px_60pxs.gif --> ftp.dp12016968.lolipop.jp /postmail/postmail/images be3_468px_60pxs.gif
2014.07.22 23:06 A Z:\1SriLanka\2NewHP\images\bk.gif --> ftp.dp12016968.lolipop.jp /postmail/postmail/images bk.gif
2014.07.22 23:06 A Z:\1SriLanka\2NewHP\images\head_r1_c1.gif --> ftp.dp12016968.lolipop.jp /postmail/postmail/images head_r1_c1.gif
2014.07.22 23:06 A Z:\1SriLanka\2NewHP\images\ishikawasama5.jpg --> ftp.dp12016968.lolipop.jp /postmail/postmail/images ishikawasama5.jpg
2014.07.22 23:06 A Z:\1SriLanka\2NewHP\images\l01.gif --> ftp.dp12016968.lolipop.jp /postmail/postmail/images l01.gif
2014.07.22 23:06 A Z:\1SriLanka\2NewHP\images\menu_001a.jpg --> ftp.dp12016968.lolipop.jp /postmail/postmail/images menu_001a.jpg
2014.07.22 23:06 A Z:\1SriLanka\2NewHP\images\menu_001b.jpg --> ftp.dp12016968.lolipop.jp /postmail/postmail/images menu_001b.jpg
2014.07.22 23:06 A Z:\1SriLanka\2NewHP\images\menu_001c.jpg --> ftp.dp12016968.lolipop.jp /postmail/postmail/images menu_001c.jpg
2014.07.22 23:06 A Z:\1SriLanka\2NewHP\images\menu_001d.jpg --> ftp.dp12016968.lolipop.jp /postmail/postmail/images menu_001d.jpg
2014.07.22 23:06 A Z:\1SriLanka\2NewHP\images\menu_001e.jpg --> ftp.dp12016968.lolipop.jp /postmail/postmail/images menu_001e.jpg
2014.07.22 23:06 A Z:\1SriLanka\2NewHP\images\menu_001f.jpg --> ftp.dp12016968.lolipop.jp /postmail/postmail/images menu_001f.jpg
2014.07.22 23:06 A Z:\1SriLanka\2NewHP\images\menu_001g.jpg --> ftp.dp12016968.lolipop.jp /postmail/postmail/images menu_001g.jpg
2014.07.22 23:06 A Z:\1SriLanka\2NewHP\images\menu_001h.jpg --> ftp.dp12016968.lolipop.jp /postmail/postmail/images menu_001h.jpg
2014.07.22 23:06 A Z:\1SriLanka\2NewHP\images\menu_001i.jpg --> ftp.dp12016968.lolipop.jp /postmail/postmail/images menu_001i.jpg
2014.07.22 23:06 A Z:\1SriLanka\2NewHP\images\menu_001j.jpg --> ftp.dp12016968.lolipop.jp /postmail/postmail/images menu_001j.jpg
2014.07.22 23:06 A Z:\1SriLanka\2NewHP\images\menu_002a.jpg --> ftp.dp12016968.lolipop.jp /postmail/postmail/images menu_002a.jpg
2014.07.22 23:06 A Z:\1SriLanka\2NewHP\images\menu_002b.jpg --> ftp.dp12016968.lolipop.jp /postmail/postmail/images menu_002b.jpg
2014.07.22 23:06 A Z:\1SriLanka\2NewHP\images\menu_002c.jpg --> ftp.dp12016968.lolipop.jp /postmail/postmail/images menu_002c.jpg
2014.07.22 23:06 A Z:\1SriLanka\2NewHP\images\menu_002d.jpg --> ftp.dp12016968.lolipop.jp /postmail/postmail/images menu_002d.jpg
2014.07.22 23:06 A Z:\1SriLanka\2NewHP\images\menu_002e.jpg --> ftp.dp12016968.lolipop.jp /postmail/postmail/images menu_002e.jpg
2014.07.22 23:06 A Z:\1SriLanka\2NewHP\images\menu_002f.jpg --> ftp.dp12016968.lolipop.jp /postmail/postmail/images menu_002f.jpg
2014.07.22 23:06 A Z:\1SriLanka\2NewHP\images\menu_002g.jpg --> ftp.dp12016968.lolipop.jp /postmail/postmail/images menu_002g.jpg
2014.07.22 23:06 A Z:\1SriLanka\2NewHP\images\menu_002h.jpg --> ftp.dp12016968.lolipop.jp /postmail/postmail/images menu_002h.jpg
2014.07.22 23:06 A Z:\1SriLanka\2NewHP\images\menu_002i.jpg --> ftp.dp12016968.lolipop.jp /postmail/postmail/images menu_002i.jpg
2014.07.22 23:06 A Z:\1SriLanka\2NewHP\images\menu_002j.jpg --> ftp.dp12016968.lolipop.jp /postmail/postmail/images menu_002j.jpg
2014.07.22 23:06 A Z:\1SriLanka\2NewHP\images\menu_bk.jpg --> ftp.dp12016968.lolipop.jp /postmail/postmail/images menu_bk.jpg
2014.07.22 23:06 A Z:\1SriLanka\2NewHP\images\MitsukoOsaka.gif --> ftp.dp12016968.lolipop.jp /postmail/postmail/images MitsukoOsaka.gif
2014.07.22 23:06 A Z:\1SriLanka\2NewHP\images\new1.gif --> ftp.dp12016968.lolipop.jp /postmail/postmail/images new1.gif
2014.07.22 23:06 A Z:\1SriLanka\2NewHP\images\otsukasama6.jpg --> ftp.dp12016968.lolipop.jp /postmail/postmail/images otsukasama6.jpg
2014.07.22 23:06 A Z:\1SriLanka\2NewHP\images\sevena1.jpg --> ftp.dp12016968.lolipop.jp /postmail/postmail/images sevena1.jpg
2014.07.22 23:06 A Z:\1SriLanka\2NewHP\images\spacer.gif --> ftp.dp12016968.lolipop.jp /postmail/postmail/images spacer.gif
2014.07.22 23:06 A Z:\1SriLanka\2NewHP\images\Thumbs (1).db --> ftp.dp12016968.lolipop.jp /postmail/postmail/images Thumbs (1).db
2014.07.22 23:06 A Z:\1SriLanka\2NewHP\images\Thumbs.db --> ftp.dp12016968.lolipop.jp /postmail/postmail/images Thumbs.db
2014.07.22 23:06 A Z:\1SriLanka\2NewHP\images\top_0001a.jpg --> ftp.dp12016968.lolipop.jp /postmail/postmail/images top_0001a.jpg
2014.07.22 23:06 A Z:\1SriLanka\2NewHP\images\top_0001b.jpg --> ftp.dp12016968.lolipop.jp /postmail/postmail/images top_0001b.jpg
2014.07.22 23:06 A Z:\1SriLanka\2NewHP\images\top_0001c.jpg --> ftp.dp12016968.lolipop.jp /postmail/postmail/images top_0001c.jpg
2014.07.22 23:06 A Z:\1SriLanka\2NewHP\images\top_0001d.jpg --> ftp.dp12016968.lolipop.jp /postmail/postmail/images top_0001d.jpg
2014.07.22 23:06 A Z:\1SriLanka\2NewHP\images\top_0001e.jpg --> ftp.dp12016968.lolipop.jp /postmail/postmail/images top_0001e.jpg
2014.07.22 23:06 A Z:\1SriLanka\2NewHP\images\top_0002b.jpg --> ftp.dp12016968.lolipop.jp /postmail/postmail/images top_0002b.jpg
2014.07.22 23:06 A Z:\1SriLanka\2NewHP\images\top_0002c.jpg --> ftp.dp12016968.lolipop.jp /postmail/postmail/images top_0002c.jpg
2014.07.22 23:06 A Z:\1SriLanka\2NewHP\images\top_0002d.jpg --> ftp.dp12016968.lolipop.jp /postmail/postmail/images top_0002d.jpg
2014.07.22 23:07 A Z:\1SriLanka\2NewHP\images\top_0003a.jpg --> ftp.dp12016968.lolipop.jp /postmail/postmail/images top_0003a.jpg
2014.07.22 23:07 A Z:\1SriLanka\2NewHP\images\top_0003b.jpg --> ftp.dp12016968.lolipop.jp /postmail/postmail/images top_0003b.jpg
2014.07.22 23:07 A Z:\1SriLanka\2NewHP\images\top_0003c.jpg --> ftp.dp12016968.lolipop.jp /postmail/postmail/images top_0003c.jpg
2014.07.22 23:07 A Z:\1SriLanka\2NewHP\images\top_0003d.jpg --> ftp.dp12016968.lolipop.jp /postmail/postmail/images top_0003d.jpg
2014.07.22 23:07 A Z:\1SriLanka\2NewHP\images\top_0003e.jpg --> ftp.dp12016968.lolipop.jp /postmail/postmail/images top_0003e.jpg
2014.07.22 23:07 A Z:\1SriLanka\2NewHP\images\top_0003f.jpg --> ftp.dp12016968.lolipop.jp /postmail/postmail/images top_0003f.jpg
2014.07.22 23:07 A Z:\1SriLanka\2NewHP\images\top_0003g.jpg --> ftp.dp12016968.lolipop.jp /postmail/postmail/images top_0003g.jpg
2014.07.22 23:07 A Z:\1SriLanka\2NewHP\images\top_0003h.jpg --> ftp.dp12016968.lolipop.jp /postmail/postmail/images top_0003h.jpg
2014.07.22 23:07 A Z:\1SriLanka\2NewHP\images\top_0004b.jpg --> ftp.dp12016968.lolipop.jp /postmail/postmail/images top_0004b.jpg
2014.07.22 23:07 A Z:\1SriLanka\2NewHP\images\top_0004c.jpg --> ftp.dp12016968.lolipop.jp /postmail/postmail/images top_0004c.jpg
2014.07.22 23:07 A Z:\1SriLanka\2NewHP\images\top_0004d.jpg --> ftp.dp12016968.lolipop.jp /postmail/postmail/images top_0004d.jpg
2014.07.22 23:07 A Z:\1SriLanka\2NewHP\images\top_0004e.jpg --> ftp.dp12016968.lolipop.jp /postmail/postmail/images top_0004e.jpg
2014.07.22 23:07 A Z:\1SriLanka\2NewHP\images\top_0004f.jpg --> ftp.dp12016968.lolipop.jp /postmail/postmail/images top_0004f.jpg
2014.07.22 23:07 A Z:\1SriLanka\2NewHP\images\top_0004g.jpg --> ftp.dp12016968.lolipop.jp /postmail/postmail/images top_0004g.jpg
2014.07.22 23:07 A Z:\1SriLanka\2NewHP\images\top_0005a.jpg --> ftp.dp12016968.lolipop.jp /postmail/postmail/images top_0005a.jpg
2014.07.22 23:07 A Z:\1SriLanka\2NewHP\images\top_0005b.jpg --> ftp.dp12016968.lolipop.jp /postmail/postmail/images top_0005b.jpg
2014.07.22 23:07 A Z:\1SriLanka\2NewHP\images\top_0005c.jpg --> ftp.dp12016968.lolipop.jp /postmail/postmail/images top_0005c.jpg
2014.07.22 23:07 A Z:\1SriLanka\2NewHP\images\top_0005c01.jpg --> ftp.dp12016968.lolipop.jp /postmail/postmail/images top_0005c01.jpg
2014.07.22 23:07 A Z:\1SriLanka\2NewHP\images\top_0005d.jpg --> ftp.dp12016968.lolipop.jp /postmail/postmail/images top_0005d.jpg
2014.07.22 23:07 A Z:\1SriLanka\2NewHP\images\top_0005d01.jpg --> ftp.dp12016968.lolipop.jp /postmail/postmail/images top_0005d01.jpg
2014.07.22 23:07 A Z:\1SriLanka\2NewHP\images\top_0005e.jpg --> ftp.dp12016968.lolipop.jp /postmail/postmail/images top_0005e.jpg
2014.07.22 23:07 A Z:\1SriLanka\2NewHP\images\top_0005e01.jpg --> ftp.dp12016968.lolipop.jp /postmail/postmail/images top_0005e01.jpg
2014.07.22 23:07 A Z:\1SriLanka\2NewHP\images\top_0005f.jpg --> ftp.dp12016968.lolipop.jp /postmail/postmail/images top_0005f.jpg
2014.07.22 23:07 A Z:\1SriLanka\2NewHP\images\top_0006a.jpg --> ftp.dp12016968.lolipop.jp /postmail/postmail/images top_0006a.jpg
2014.07.22 23:07 A Z:\1SriLanka\2NewHP\images\top_0006b - コピー.jpg --> ftp.dp12016968.lolipop.jp /postmail/postmail/images top_0006b - コピー.jpg
2014.07.22 23:07 A Z:\1SriLanka\2NewHP\images\top_0006b.jpg --> ftp.dp12016968.lolipop.jp /postmail/postmail/images top_0006b.jpg
2014.07.22 23:07 A Z:\1SriLanka\2NewHP\images\top_0006b.psd --> ftp.dp12016968.lolipop.jp /postmail/postmail/images top_0006b.psd
2014.07.22 23:07 A Z:\1SriLanka\2NewHP\images\top_0006c.jpg --> ftp.dp12016968.lolipop.jp /postmail/postmail/images top_0006c.jpg
2014.07.22 23:07 A Z:\1SriLanka\2NewHP\images\top_0006d.jpg --> ftp.dp12016968.lolipop.jp /postmail/postmail/images top_0006d.jpg
2014.07.22 23:07 A Z:\1SriLanka\2NewHP\images\top_0006e.jpg --> ftp.dp12016968.lolipop.jp /postmail/postmail/images top_0006e.jpg
2014.07.22 23:07 A Z:\1SriLanka\2NewHP\images\top_0006f.jpg --> ftp.dp12016968.lolipop.jp /postmail/postmail/images top_0006f.jpg
2014.07.22 23:07 A Z:\1SriLanka\2NewHP\images\top_0006g.jpg --> ftp.dp12016968.lolipop.jp /postmail/postmail/images top_0006g.jpg
2014.07.22 23:07 A Z:\1SriLanka\2NewHP\images\top_0007a.jpg --> ftp.dp12016968.lolipop.jp /postmail/postmail/images top_0007a.jpg
2014.07.22 23:07 A Z:\1SriLanka\2NewHP\images\top_0007b - コピー.jpg --> ftp.dp12016968.lolipop.jp /postmail/postmail/images top_0007b - コピー.jpg
2014.07.22 23:07 A Z:\1SriLanka\2NewHP\images\top_0007b.jpg --> ftp.dp12016968.lolipop.jp /postmail/postmail/images top_0007b.jpg
2014.07.22 23:07 A Z:\1SriLanka\2NewHP\images\top_0007b.psd --> ftp.dp12016968.lolipop.jp /postmail/postmail/images top_0007b.psd
2014.07.22 23:07 A Z:\1SriLanka\2NewHP\images\top_0007c.jpg --> ftp.dp12016968.lolipop.jp /postmail/postmail/images top_0007c.jpg
2014.07.22 23:07 A Z:\1SriLanka\2NewHP\images\top_0007d.jpg --> ftp.dp12016968.lolipop.jp /postmail/postmail/images top_0007d.jpg
2014.07.22 23:07 A Z:\1SriLanka\2NewHP\images\top_0007e.jpg --> ftp.dp12016968.lolipop.jp /postmail/postmail/images top_0007e.jpg
2014.07.22 23:07 A Z:\1SriLanka\2NewHP\images\top_0007f.jpg --> ftp.dp12016968.lolipop.jp /postmail/postmail/images top_0007f.jpg
2014.07.22 23:07 A Z:\1SriLanka\2NewHP\images\top_0007g.jpg --> ftp.dp12016968.lolipop.jp /postmail/postmail/images top_0007g.jpg
2014.07.22 23:07 A Z:\1SriLanka\2NewHP\images\top_0008a.gif --> ftp.dp12016968.lolipop.jp /postmail/postmail/images top_0008a.gif
2014.07.22 23:07 A Z:\1SriLanka\2NewHP\images\top_0008b.gif --> ftp.dp12016968.lolipop.jp /postmail/postmail/images top_0008b.gif
2014.07.22 23:07 A Z:\1SriLanka\2NewHP\images\top_0008c.gif --> ftp.dp12016968.lolipop.jp /postmail/postmail/images top_0008c.gif
2014.07.22 23:07 A Z:\1SriLanka\2NewHP\images\top_0009a.gif --> ftp.dp12016968.lolipop.jp /postmail/postmail/images top_0009a.gif
2014.07.22 23:07 A Z:\1SriLanka\2NewHP\images\top_0009b.gif --> ftp.dp12016968.lolipop.jp /postmail/postmail/images top_0009b.gif
2014.07.22 23:07 A Z:\1SriLanka\2NewHP\images\top_0010.gif --> ftp.dp12016968.lolipop.jp /postmail/postmail/images top_0010.gif
2014.07.22 23:07 A Z:\1SriLanka\2NewHP\images\top_0011.gif --> ftp.dp12016968.lolipop.jp /postmail/postmail/images top_0011.gif
2014.07.22 23:07 A Z:\1SriLanka\2NewHP\images\WS_FTP.LOG --> ftp.dp12016968.lolipop.jp /postmail/postmail/images WS_FTP.LOG
2014.07.22 23:07 A Z:\1SriLanka\2NewHP\images\yaji02.gif --> ftp.dp12016968.lolipop.jp /postmail/postmail/images yaji02.gif
2014.07.22 23:12 A Z:\1SriLanka\2NewHP\images\be3_468px_60pxs.gif --> ftp.dp12016968.lolipop.jp /postmail/images be3_468px_60pxs.gif
2014.07.22 23:12 A Z:\1SriLanka\2NewHP\images\bk.gif --> ftp.dp12016968.lolipop.jp /postmail/images bk.gif
2014.07.22 23:12 A Z:\1SriLanka\2NewHP\images\head_r1_c1.gif --> ftp.dp12016968.lolipop.jp /postmail/images head_r1_c1.gif
2014.07.22 23:12 A Z:\1SriLanka\2NewHP\images\ishikawasama5.jpg --> ftp.dp12016968.lolipop.jp /postmail/images ishikawasama5.jpg
2014.07.22 23:12 A Z:\1SriLanka\2NewHP\images\l01.gif --> ftp.dp12016968.lolipop.jp /postmail/images l01.gif
2014.07.22 23:12 A Z:\1SriLanka\2NewHP\images\menu_001a.jpg --> ftp.dp12016968.lolipop.jp /postmail/images menu_001a.jpg
2014.07.22 23:12 A Z:\1SriLanka\2NewHP\images\menu_001b.jpg --> ftp.dp12016968.lolipop.jp /postmail/images menu_001b.jpg
2014.07.22 23:12 A Z:\1SriLanka\2NewHP\images\menu_001c.jpg --> ftp.dp12016968.lolipop.jp /postmail/images menu_001c.jpg
2014.07.22 23:12 A Z:\1SriLanka\2NewHP\images\menu_001d.jpg --> ftp.dp12016968.lolipop.jp /postmail/images menu_001d.jpg
2014.07.22 23:12 A Z:\1SriLanka\2NewHP\images\menu_001e.jpg --> ftp.dp12016968.lolipop.jp /postmail/images menu_001e.jpg
2014.07.22 23:12 A Z:\1SriLanka\2NewHP\images\menu_001f.jpg --> ftp.dp12016968.lolipop.jp /postmail/images menu_001f.jpg
2014.07.22 23:12 A Z:\1SriLanka\2NewHP\images\menu_001g.jpg --> ftp.dp12016968.lolipop.jp /postmail/images menu_001g.jpg
2014.07.22 23:12 A Z:\1SriLanka\2NewHP\images\menu_001h.jpg --> ftp.dp12016968.lolipop.jp /postmail/images menu_001h.jpg
2014.07.22 23:12 A Z:\1SriLanka\2NewHP\images\menu_001i.jpg --> ftp.dp12016968.lolipop.jp /postmail/images menu_001i.jpg
2014.07.22 23:12 A Z:\1SriLanka\2NewHP\images\menu_001j.jpg --> ftp.dp12016968.lolipop.jp /postmail/images menu_001j.jpg
2014.07.22 23:12 A Z:\1SriLanka\2NewHP\images\menu_002a.jpg --> ftp.dp12016968.lolipop.jp /postmail/images menu_002a.jpg
2014.07.22 23:12 A Z:\1SriLanka\2NewHP\images\menu_002b.jpg --> ftp.dp12016968.lolipop.jp /postmail/images menu_002b.jpg
2014.07.22 23:12 A Z:\1SriLanka\2NewHP\images\menu_002c.jpg --> ftp.dp12016968.lolipop.jp /postmail/images menu_002c.jpg
2014.07.22 23:12 A Z:\1SriLanka\2NewHP\images\menu_002d.jpg --> ftp.dp12016968.lolipop.jp /postmail/images menu_002d.jpg
2014.07.22 23:12 A Z:\1SriLanka\2NewHP\images\menu_002e.jpg --> ftp.dp12016968.lolipop.jp /postmail/images menu_002e.jpg
2014.07.22 23:12 A Z:\1SriLanka\2NewHP\images\menu_002f.jpg --> ftp.dp12016968.lolipop.jp /postmail/images menu_002f.jpg
2014.07.22 23:12 A Z:\1SriLanka\2NewHP\images\menu_002g.jpg --> ftp.dp12016968.lolipop.jp /postmail/images menu_002g.jpg
2014.07.22 23:12 A Z:\1SriLanka\2NewHP\images\menu_002h.jpg --> ftp.dp12016968.lolipop.jp /postmail/images menu_002h.jpg
2014.07.22 23:12 A Z:\1SriLanka\2NewHP\images\menu_002i.jpg --> ftp.dp12016968.lolipop.jp /postmail/images menu_002i.jpg
2014.07.22 23:12 A Z:\1SriLanka\2NewHP\images\menu_002j.jpg --> ftp.dp12016968.lolipop.jp /postmail/images menu_002j.jpg
2014.07.22 23:12 A Z:\1SriLanka\2NewHP\images\menu_bk.jpg --> ftp.dp12016968.lolipop.jp /postmail/images menu_bk.jpg
2014.07.22 23:12 A Z:\1SriLanka\2NewHP\images\MitsukoOsaka.gif --> ftp.dp12016968.lolipop.jp /postmail/images MitsukoOsaka.gif
2014.07.22 23:12 A Z:\1SriLanka\2NewHP\images\new1.gif --> ftp.dp12016968.lolipop.jp /postmail/images new1.gif
2014.07.22 23:12 A Z:\1SriLanka\2NewHP\images\otsukasama6.jpg --> ftp.dp12016968.lolipop.jp /postmail/images otsukasama6.jpg
2014.07.22 23:12 A Z:\1SriLanka\2NewHP\images\sevena1.jpg --> ftp.dp12016968.lolipop.jp /postmail/images sevena1.jpg
2014.07.22 23:12 A Z:\1SriLanka\2NewHP\images\spacer.gif --> ftp.dp12016968.lolipop.jp /postmail/images spacer.gif
2014.07.22 23:12 A Z:\1SriLanka\2NewHP\images\Thumbs (1).db --> ftp.dp12016968.lolipop.jp /postmail/images Thumbs (1).db
2014.07.22 23:12 A Z:\1SriLanka\2NewHP\images\Thumbs.db --> ftp.dp12016968.lolipop.jp /postmail/images Thumbs.db
2014.07.22 23:12 A Z:\1SriLanka\2NewHP\images\top_0001a.jpg --> ftp.dp12016968.lolipop.jp /postmail/images top_0001a.jpg
2014.07.22 23:12 A Z:\1SriLanka\2NewHP\images\top_0001b.jpg --> ftp.dp12016968.lolipop.jp /postmail/images top_0001b.jpg
2014.07.22 23:12 A Z:\1SriLanka\2NewHP\images\top_0001c.jpg --> ftp.dp12016968.lolipop.jp /postmail/images top_0001c.jpg
2014.07.22 23:12 A Z:\1SriLanka\2NewHP\images\top_0001d.jpg --> ftp.dp12016968.lolipop.jp /postmail/images top_0001d.jpg
2014.07.22 23:12 A Z:\1SriLanka\2NewHP\images\top_0001e.jpg --> ftp.dp12016968.lolipop.jp /postmail/images top_0001e.jpg
2014.07.22 23:12 A Z:\1SriLanka\2NewHP\images\top_0002b.jpg --> ftp.dp12016968.lolipop.jp /postmail/images top_0002b.jpg
2014.07.22 23:12 A Z:\1SriLanka\2NewHP\images\top_0002c.jpg --> ftp.dp12016968.lolipop.jp /postmail/images top_0002c.jpg
2014.07.22 23:12 A Z:\1SriLanka\2NewHP\images\top_0002d.jpg --> ftp.dp12016968.lolipop.jp /postmail/images top_0002d.jpg
2014.07.22 23:12 A Z:\1SriLanka\2NewHP\images\top_0003a.jpg --> ftp.dp12016968.lolipop.jp /postmail/images top_0003a.jpg
2014.07.22 23:12 A Z:\1SriLanka\2NewHP\images\top_0003b.jpg --> ftp.dp12016968.lolipop.jp /postmail/images top_0003b.jpg
2014.07.22 23:12 A Z:\1SriLanka\2NewHP\images\top_0003c.jpg --> ftp.dp12016968.lolipop.jp /postmail/images top_0003c.jpg
2014.07.22 23:12 A Z:\1SriLanka\2NewHP\images\top_0003d.jpg --> ftp.dp12016968.lolipop.jp /postmail/images top_0003d.jpg
2014.07.22 23:12 A Z:\1SriLanka\2NewHP\images\top_0003e.jpg --> ftp.dp12016968.lolipop.jp /postmail/images top_0003e.jpg
2014.07.22 23:12 A Z:\1SriLanka\2NewHP\images\top_0003f.jpg --> ftp.dp12016968.lolipop.jp /postmail/images top_0003f.jpg
2014.07.22 23:12 A Z:\1SriLanka\2NewHP\images\top_0003g.jpg --> ftp.dp12016968.lolipop.jp /postmail/images top_0003g.jpg
2014.07.22 23:12 A Z:\1SriLanka\2NewHP\images\top_0003h.jpg --> ftp.dp12016968.lolipop.jp /postmail/images top_0003h.jpg
2014.07.22 23:12 A Z:\1SriLanka\2NewHP\images\top_0004b.jpg --> ftp.dp12016968.lolipop.jp /postmail/images top_0004b.jpg
2014.07.22 23:12 A Z:\1SriLanka\2NewHP\images\top_0004c.jpg --> ftp.dp12016968.lolipop.jp /postmail/images top_0004c.jpg
2014.07.22 23:12 A Z:\1SriLanka\2NewHP\images\top_0004d.jpg --> ftp.dp12016968.lolipop.jp /postmail/images top_0004d.jpg
2014.07.22 23:12 A Z:\1SriLanka\2NewHP\images\top_0004e.jpg --> ftp.dp12016968.lolipop.jp /postmail/images top_0004e.jpg
2014.07.22 23:12 A Z:\1SriLanka\2NewHP\images\top_0004f.jpg --> ftp.dp12016968.lolipop.jp /postmail/images top_0004f.jpg
2014.07.22 23:12 A Z:\1SriLanka\2NewHP\images\top_0004g.jpg --> ftp.dp12016968.lolipop.jp /postmail/images top_0004g.jpg
2014.07.22 23:12 A Z:\1SriLanka\2NewHP\images\top_0005a.jpg --> ftp.dp12016968.lolipop.jp /postmail/images top_0005a.jpg
2014.07.22 23:12 A Z:\1SriLanka\2NewHP\images\top_0005b.jpg --> ftp.dp12016968.lolipop.jp /postmail/images top_0005b.jpg
2014.07.22 23:12 A Z:\1SriLanka\2NewHP\images\top_0005c.jpg --> ftp.dp12016968.lolipop.jp /postmail/images top_0005c.jpg
2014.07.22 23:12 A Z:\1SriLanka\2NewHP\images\top_0005c01.jpg --> ftp.dp12016968.lolipop.jp /postmail/images top_0005c01.jpg
2014.07.22 23:12 A Z:\1SriLanka\2NewHP\images\top_0005d.jpg --> ftp.dp12016968.lolipop.jp /postmail/images top_0005d.jpg
2014.07.22 23:12 A Z:\1SriLanka\2NewHP\images\top_0005d01.jpg --> ftp.dp12016968.lolipop.jp /postmail/images top_0005d01.jpg
2014.07.22 23:12 A Z:\1SriLanka\2NewHP\images\top_0005e.jpg --> ftp.dp12016968.lolipop.jp /postmail/images top_0005e.jpg
2014.07.22 23:12 A Z:\1SriLanka\2NewHP\images\top_0005e01.jpg --> ftp.dp12016968.lolipop.jp /postmail/images top_0005e01.jpg
2014.07.22 23:12 A Z:\1SriLanka\2NewHP\images\top_0005f.jpg --> ftp.dp12016968.lolipop.jp /postmail/images top_0005f.jpg
2014.07.22 23:12 A Z:\1SriLanka\2NewHP\images\top_0006a.jpg --> ftp.dp12016968.lolipop.jp /postmail/images top_0006a.jpg
2014.07.22 23:12 A Z:\1SriLanka\2NewHP\images\top_0006b - コピー.jpg --> ftp.dp12016968.lolipop.jp /postmail/images top_0006b - コピー.jpg
2014.07.22 23:12 A Z:\1SriLanka\2NewHP\images\top_0006b.jpg --> ftp.dp12016968.lolipop.jp /postmail/images top_0006b.jpg
2014.07.22 23:12 A Z:\1SriLanka\2NewHP\images\top_0006b.psd --> ftp.dp12016968.lolipop.jp /postmail/images top_0006b.psd
2014.07.22 23:12 A Z:\1SriLanka\2NewHP\images\top_0006c.jpg --> ftp.dp12016968.lolipop.jp /postmail/images top_0006c.jpg
2014.07.22 23:12 A Z:\1SriLanka\2NewHP\images\top_0006d.jpg --> ftp.dp12016968.lolipop.jp /postmail/images top_0006d.jpg
2014.07.22 23:12 A Z:\1SriLanka\2NewHP\images\top_0006e.jpg --> ftp.dp12016968.lolipop.jp /postmail/images top_0006e.jpg
2014.07.22 23:12 A Z:\1SriLanka\2NewHP\images\top_0006f.jpg --> ftp.dp12016968.lolipop.jp /postmail/images top_0006f.jpg
2014.07.22 23:12 A Z:\1SriLanka\2NewHP\images\top_0006g.jpg --> ftp.dp12016968.lolipop.jp /postmail/images top_0006g.jpg
2014.07.22 23:12 A Z:\1SriLanka\2NewHP\images\top_0007a.jpg --> ftp.dp12016968.lolipop.jp /postmail/images top_0007a.jpg
2014.07.22 23:12 A Z:\1SriLanka\2NewHP\images\top_0007b - コピー.jpg --> ftp.dp12016968.lolipop.jp /postmail/images top_0007b - コピー.jpg
2014.07.22 23:12 A Z:\1SriLanka\2NewHP\images\top_0007b.jpg --> ftp.dp12016968.lolipop.jp /postmail/images top_0007b.jpg
2014.07.22 23:12 A Z:\1SriLanka\2NewHP\images\top_0007b.psd --> ftp.dp12016968.lolipop.jp /postmail/images top_0007b.psd
2014.07.22 23:12 A Z:\1SriLanka\2NewHP\images\top_0007c.jpg --> ftp.dp12016968.lolipop.jp /postmail/images top_0007c.jpg
2014.07.22 23:12 A Z:\1SriLanka\2NewHP\images\top_0007d.jpg --> ftp.dp12016968.lolipop.jp /postmail/images top_0007d.jpg
2014.07.22 23:12 A Z:\1SriLanka\2NewHP\images\top_0007e.jpg --> ftp.dp12016968.lolipop.jp /postmail/images top_0007e.jpg
2014.07.22 23:12 A Z:\1SriLanka\2NewHP\images\top_0007f.jpg --> ftp.dp12016968.lolipop.jp /postmail/images top_0007f.jpg
2014.07.22 23:12 A Z:\1SriLanka\2NewHP\images\top_0007g.jpg --> ftp.dp12016968.lolipop.jp /postmail/images top_0007g.jpg
2014.07.22 23:12 A Z:\1SriLanka\2NewHP\images\top_0008a.gif --> ftp.dp12016968.lolipop.jp /postmail/images top_0008a.gif
2014.07.22 23:12 A Z:\1SriLanka\2NewHP\images\top_0008b.gif --> ftp.dp12016968.lolipop.jp /postmail/images top_0008b.gif
2014.07.22 23:12 A Z:\1SriLanka\2NewHP\images\top_0008c.gif --> ftp.dp12016968.lolipop.jp /postmail/images top_0008c.gif
2014.07.22 23:12 A Z:\1SriLanka\2NewHP\images\top_0009a.gif --> ftp.dp12016968.lolipop.jp /postmail/images top_0009a.gif
2014.07.22 23:12 A Z:\1SriLanka\2NewHP\images\top_0009b.gif --> ftp.dp12016968.lolipop.jp /postmail/images top_0009b.gif
2014.07.22 23:12 A Z:\1SriLanka\2NewHP\images\top_0010.gif --> ftp.dp12016968.lolipop.jp /postmail/images top_0010.gif
2014.07.22 23:12 A Z:\1SriLanka\2NewHP\images\top_0011.gif --> ftp.dp12016968.lolipop.jp /postmail/images top_0011.gif
2014.07.22 23:12 A Z:\1SriLanka\2NewHP\images\WS_FTP.LOG --> ftp.dp12016968.lolipop.jp /postmail/images WS_FTP.LOG
2014.07.22 23:12 A Z:\1SriLanka\2NewHP\images\yaji02.gif --> ftp.dp12016968.lolipop.jp /postmail/images yaji02.gif
